"rep","fold","Taxa","observed","predicted"
1,1,"PI 162655",-47.4045097307795,-45.5998126996827
1,1,"PI 162857",87.8557386974058,86.0300963202779
1,1,"PI 200441",-17.4867363486021,-21.8809776546346
1,1,"PI 268996",-18.7396999989541,-29.6558864918676
1,1,"PI 270907",91.9216771993511,91.8954216737001
1,1,"PI 274193",24.0338362276932,28.2844848150999
1,1,"PI 288210",14.8949132937833,27.6032839736284
1,1,"PI 290536",93.7106746878443,91.5320809047124
1,1,"PI 292950",93.5519341824262,93.3217441428167
1,1,"PI 323268",84.9638228003057,85.3695839250479
1,1,"PI 339960",-19.139805353552,-26.8594645854715
1,1,"PI 355271",59.3113990135345,77.5210992303909
1,1,"PI 370331",26.0050898783708,47.2815027658504
1,1,"PI 372305",18.3010174031283,60.2103587372469
1,1,"PI 399581",6.17677612805178,-0.71114026292217
1,1,"PI 433347",-8.40499945385635,-2.79563498623747
1,1,"PI 442768",23.9078614520448,35.5960296459207
1,1,"PI 476025",-11.1103233953259,-10.497767302041
1,1,"PI 493581",-52.467277874188,-45.0112208559948
1,1,"PI 497395",32.1872334414205,31.1081673879907
1,1,"PI 502120",7.61631474631251,2.36857295820065
1,2,"PI 157542",76.5152772600273,81.3504117980824
1,2,"PI 268868",91.7512108457322,91.7537735010683
1,2,"PI 271019",-5.6110404254436,1.40598333803901
1,2,"PI 295250",93.8116442119282,92.9321718566729
1,2,"PI 298854",89.0901845491034,89.0803391621339
1,2,"PI 331314",13.7523475204017,-13.8363160271362
1,2,"PI 337293",-33.1303500962705,-35.8023009376377
1,2,"PI 337406",-15.5986954843422,-16.7471310225345
1,2,"PI 343384",3.09862563909943,-15.1556085443843
1,2,"PI 468271",20.3866795249287,19.3257009886937
1,2,"PI 481795",93.6606495311802,94.1904528624007
1,2,"PI 482120",-33.3095785090718,-38.9921741839225
1,2,"PI 482189",-13.9503326174076,-26.8909451547402
1,2,"PI 493356",-19.7670824072696,-36.2639671626632
1,2,"PI 493547",-33.5078715622015,-44.7934843931875
1,2,"PI 493717",-16.358090909818,-21.00078431034
1,2,"PI 494034",-13.8212734354372,-41.8489933209148
1,2,"PI 496401",21.2938516538893,54.3559588411648
1,2,"PI 496448",94.7367033580305,94.5589290822713
1,2,"PI 497318",31.7422567795936,30.8179757156793
1,2,"PI 497517",-19.5932911626775,-27.5699541181235
1,3,"PI 155107",-33.0304284762533,-32.946200030903
1,3,"PI 158854",93.3876253818025,94.2087432663607
1,3,"PI 196622",94.484362479052,94.6546697812603
1,3,"PI 259617",-49.9702615314471,-53.8520686393395
1,3,"PI 259658",100.707784632293,93.1504349264206
1,3,"PI 268755",-34.6790842345355,-34.0447159765447
1,3,"PI 270786",90.8506593776961,92.8861285218271
1,3,"PI 270998",-1.28088253738996,-2.88802633106688
1,3,"PI 288146",-46.6743049666706,-41.174771039325
1,3,"PI 290566",91.9247088400474,91.1322728988965
1,3,"PI 290620",19.1869186745998,37.2090960048119
1,3,"PI 313129",14.9161544517895,30.2845584162592
1,3,"PI 319770",5.60792539732361,-26.1277472424271
1,3,"PI 331297",-0.797372907023051,17.568269057819
1,3,"PI 337399",-48.891681182551,-44.8381809885217
1,3,"PI 471954",-22.923447881111,-69.3496313641342
1,3,"PI 475918",-23.2701323113072,-19.679183041503
1,3,"PI 476636",92.1309729640279,91.719364464735
1,3,"PI 478850",-41.4131499911608,-44.5823761561861
1,3,"PI 493729",-21.4277665654921,-29.3648934069052
1,3,"PI 502040",13.1754427217406,38.6984534125148
1,4,"PI 240560",-39.1675881289274,-35.0117463221549
1,4,"PI 259836",-13.4113846071158,-18.4814324306928
1,4,"PI 259851",96.1103353979561,92.5786383286579
1,4,"PI 268586",-14.728322957987,-8.82305326782576
1,4,"PI 268806",90.8657621252714,92.1062053349808
1,4,"PI 295309",94.3003649781333,93.0134137240382
1,4,"PI 296550",7.58476294109594,16.8797949145597
1,4,"PI 319768",-3.0947565821953,-3.62672325437253
1,4,"PI 343398",20.9688595511485,51.7940778479907
1,4,"PI 371521",30.2241303065118,56.4972840528388
1,4,"PI 403813",-24.2800736050239,-23.2800885344033
1,4,"PI 429420",3.82761765604124,-0.411614475906606
1,4,"PI 461427",-52.8331073584546,-53.2362930636049
1,4,"PI 461434",-20.275057381311,-20.4569869823289
1,4,"PI 475863",-21.7910590813281,-26.6156924075881
1,4,"PI 476596",-0.54667913283332,-16.2480572792856
1,4,"PI 493693",-19.7180182573206,-11.1265945117565
1,4,"PI 493938",-15.6332847605169,-31.0990373419705
1,4,"PI 494018",-15.4848038593226,-10.5170245981505
1,4,"PI 497639",-10.5806964808468,-10.6093602036534
1,4,"PI 504614",-34.6991415397245,-32.0653429973783
1,5,"PI 159786",91.9795136139364,92.0048098295993
1,5,"PI 196635",91.8808532061868,92.1465737539285
1,5,"PI 262038",-45.3195725080565,-48.3938462698039
1,5,"PI 270905",23.0458444858713,50.489556970324
1,5,"PI 290560",-36.5730859340983,-39.0724890815365
1,5,"PI 295730",-11.8796500206539,-23.6116911410643
1,5,"PI 296558",9.08251356251902,4.19969934535421
1,5,"PI 325943",-55.6161781982585,-49.9416328014614
1,5,"PI 355268",83.5926065435547,80.8232301666739
1,5,"PI 356004",-52.9949451982828,-48.929340692748
1,5,"PI 372271",95.027229009404,93.5481477617875
1,5,"PI 407667",-44.1385440155654,-47.7006081568433
1,5,"PI 408743",-12.8417941895264,-10.9339374063419
1,5,"PI 471952",-14.2039684045055,-51.6245334631105
1,5,"PI 475931",7.58481242635805,2.28506687923078
1,5,"PI 476432",-4.38686752313152,-6.10554685368963
1,5,"PI 493631",-25.0973116550801,-25.1000002585182
1,5,"PI 493880",-23.636920533488,-37.3482559582537
1,5,"PI 494795",8.2364494572083,0.654668509749924
1,5,"PI 502111",-8.61913127345229,-11.9283844751657
2,1,"PI 158854",93.3876253818025,93.6345083898485
2,1,"PI 270998",-1.28088253738996,-14.7570702440929
2,1,"PI 288146",-46.6743049666706,-43.3079062250998
2,1,"PI 295309",94.3003649781333,93.2357070776771
2,1,"PI 296550",7.58476294109594,14.3490298713616
2,1,"PI 355268",83.5926065435547,84.0092025957169
2,1,"PI 355271",59.3113990135345,79.5950948894964
2,1,"PI 371521",30.2241303065118,60.6511507449284
2,1,"PI 429420",3.82761765604124,-0.367359503325105
2,1,"PI 461434",-20.275057381311,-22.7143863989859
2,1,"PI 471952",-14.2039684045055,-51.4124065580333
2,1,"PI 475863",-21.7910590813281,-27.3467818144204
2,1,"PI 481795",93.6606495311802,94.205114014076
2,1,"PI 482120",-33.3095785090718,-37.6132543811791
2,1,"PI 493729",-21.4277665654921,-34.0986064903163
2,1,"PI 493880",-23.636920533488,-44.93048070089
2,1,"PI 494018",-15.4848038593226,-9.20236327571038
2,1,"PI 494034",-13.8212734354372,-35.1574580490675
2,1,"PI 497318",31.7422567795936,13.4781908246066
2,1,"PI 497395",32.1872334414205,13.3343595748568
2,1,"PI 504614",-34.6991415397245,-33.7449781051408
2,2,"PI 200441",-17.4867363486021,-24.8811936179269
2,2,"PI 259658",100.707784632293,91.8393605204622
2,2,"PI 270786",90.8506593776961,92.7093625968108
2,2,"PI 271019",-5.6110404254436,1.25130293560046
2,2,"PI 290536",93.7106746878443,91.1980443912226
2,2,"PI 290620",19.1869186745998,44.1323867305024
2,2,"PI 295730",-11.8796500206539,-25.7794902304339
2,2,"PI 298854",89.0901845491034,88.3653951673321
2,2,"PI 319770",5.60792539732361,-35.2681074571741
2,2,"PI 337293",-33.1303500962705,-34.8299969232461
2,2,"PI 337399",-48.891681182551,-45.9645462639823
2,2,"PI 370331",26.0050898783708,53.2810298242991
2,2,"PI 372305",18.3010174031283,64.2287664067263
2,2,"PI 403813",-24.2800736050239,-23.4138549703876
2,2,"PI 433347",-8.40499945385635,11.3966101715029
2,2,"PI 475918",-23.2701323113072,-21.531854900931
2,2,"PI 476596",-0.54667913283332,-10.9568131500594
2,2,"PI 478850",-41.4131499911608,-43.8913345247603
2,2,"PI 493356",-19.7670824072696,-39.9836641442371
2,2,"PI 493581",-52.467277874188,-44.7088141006781
2,2,"PI 493693",-19.7180182573206,-12.9780315366993
2,3,"PI 157542",76.5152772600273,82.6146902991207
2,3,"PI 162655",-47.4045097307795,-46.2868784590087
2,3,"PI 162857",87.8557386974058,85.7061991442139
2,3,"PI 259617",-49.9702615314471,-53.8956842936888
2,3,"PI 259836",-13.4113846071158,-22.4169272717141
2,3,"PI 262038",-45.3195725080565,-49.1554445662517
2,3,"PI 268755",-34.6790842345355,-32.5012230446401
2,3,"PI 268806",90.8657621252714,92.068961144095
2,3,"PI 270907",91.9216771993511,91.9732007432293
2,3,"PI 290560",-36.5730859340983,-39.2321309094198
2,3,"PI 290566",91.9247088400474,91.5299903673937
2,3,"PI 313129",14.9161544517895,25.7505320999557
2,3,"PI 331297",-0.797372907023051,15.7618852470848
2,3,"PI 343398",20.9688595511485,53.9424184968103
2,3,"PI 356004",-52.9949451982828,-52.332970677705
2,3,"PI 461427",-52.8331073584546,-53.7921610617925
2,3,"PI 476432",-4.38686752313152,-1.18743161643115
2,3,"PI 476636",92.1309729640279,91.6957788420665
2,3,"PI 493631",-25.0973116550801,-26.3080839807539
2,3,"PI 493938",-15.6332847605169,-31.8263784365878
2,3,"PI 502120",7.61631474631251,15.8388587297228
2,4,"PI 155107",-33.0304284762533,-32.9110943209775
2,4,"PI 159786",91.9795136139364,91.8693669980755
2,4,"PI 196622",94.484362479052,94.234512986001
2,4,"PI 196635",91.8808532061868,92.2423304792029
2,4,"PI 240560",-39.1675881289274,-34.6596433697988
2,4,"PI 259851",96.1103353979561,92.7908067926124
2,4,"PI 268868",91.7512108457322,91.9644768098469
2,4,"PI 274193",24.0338362276932,28.8722881453262
2,4,"PI 292950",93.5519341824262,93.2852936912018
2,4,"PI 296558",9.08251356251902,-2.84199980266755
2,4,"PI 319768",-3.0947565821953,9.16871922043246
2,4,"PI 323268",84.9638228003057,86.7133359578172
2,4,"PI 343384",3.09862563909943,-25.6814778967985
2,4,"PI 407667",-44.1385440155654,-46.6415683508141
2,4,"PI 408743",-12.8417941895264,-17.7238960621836
2,4,"PI 468271",20.3866795249287,18.3937581935843
2,4,"PI 482189",-13.9503326174076,-24.9646255720782
2,4,"PI 493717",-16.358090909818,-5.61903228756261
2,4,"PI 494795",8.2364494572083,6.61227828253932
2,4,"PI 496401",21.2938516538893,56.7927066816571
2,4,"PI 497639",-10.5806964808468,-11.7290327866498
2,5,"PI 268586",-14.728322957987,-10.483611995277
2,5,"PI 268996",-18.7396999989541,-24.9921077901951
2,5,"PI 270905",23.0458444858713,48.4185559999104
2,5,"PI 288210",14.8949132937833,31.1262899175015
2,5,"PI 295250",93.8116442119282,93.116962474719
2,5,"PI 325943",-55.6161781982585,-50.6850272516172
2,5,"PI 331314",13.7523475204017,1.71281202825087
2,5,"PI 337406",-15.5986954843422,-9.61911798958351
2,5,"PI 339960",-19.139805353552,-24.3298081638855
2,5,"PI 372271",95.027229009404,93.3308423732821
2,5,"PI 399581",6.17677612805178,-10.338452858422
2,5,"PI 442768",23.9078614520448,40.1154826932937
2,5,"PI 471954",-22.923447881111,-66.7920752280009
2,5,"PI 475931",7.58481242635805,7.95351678568984
2,5,"PI 476025",-11.1103233953259,-11.1845384378059
2,5,"PI 493547",-33.5078715622015,-44.6712341088883
2,5,"PI 496448",94.7367033580305,94.0547501265244
2,5,"PI 497517",-19.5932911626775,-21.9523525436121
2,5,"PI 502040",13.1754427217406,37.9356623739744
2,5,"PI 502111",-8.61913127345229,-10.8361040726412
3,1,"PI 162857",87.8557386974058,85.9407700624773
3,1,"PI 259617",-49.9702615314471,-53.9567642198651
3,1,"PI 259836",-13.4113846071158,-15.2733424676259
3,1,"PI 268586",-14.728322957987,-7.49160323558874
3,1,"PI 268868",91.7512108457322,91.7971257587954
3,1,"PI 268996",-18.7396999989541,-27.4165644841097
3,1,"PI 270905",23.0458444858713,66.1879589350192
3,1,"PI 290566",91.9247088400474,91.1289233415175
3,1,"PI 290620",19.1869186745998,41.5763604330965
3,1,"PI 337293",-33.1303500962705,-35.615479736514
3,1,"PI 343398",20.9688595511485,69.0117377372732
3,1,"PI 355271",59.3113990135345,77.5152338352085
3,1,"PI 468271",20.3866795249287,16.0811176310972
3,1,"PI 476432",-4.38686752313152,-3.50650502145007
3,1,"PI 481795",93.6606495311802,94.2005532700923
3,1,"PI 493356",-19.7670824072696,-38.5317618413227
3,1,"PI 493547",-33.5078715622015,-45.3980744136646
3,1,"PI 494018",-15.4848038593226,-11.4321233283445
3,1,"PI 497318",31.7422567795936,30.9829881267206
3,1,"PI 497639",-10.5806964808468,-10.7557725052624
3,1,"PI 502120",7.61631474631251,22.9241294787593
3,2,"PI 157542",76.5152772600273,81.7323014262611
3,2,"PI 159786",91.9795136139364,91.8712183572627
3,2,"PI 270998",-1.28088253738996,-3.80271135534329
3,2,"PI 274193",24.0338362276932,26.5542555579797
3,2,"PI 288210",14.8949132937833,28.3569536635658
3,2,"PI 295250",93.8116442119282,92.828894871917
3,2,"PI 295730",-11.8796500206539,-23.9797425729149
3,2,"PI 339960",-19.139805353552,-23.5479096640305
3,2,"PI 343384",3.09862563909943,-14.6381652760018
3,2,"PI 355268",83.5926065435547,81.6471101871296
3,2,"PI 371521",30.2241303065118,60.6603165116893
3,2,"PI 372271",95.027229009404,93.3911733272389
3,2,"PI 399581",6.17677612805178,-17.03031551119
3,2,"PI 408743",-12.8417941895264,-13.5951255642107
3,2,"PI 475918",-23.2701323113072,-22.4574309995376
3,2,"PI 476596",-0.54667913283332,-12.0308274477923
3,2,"PI 476636",92.1309729640279,91.5414961004069
3,2,"PI 494795",8.2364494572083,6.42594681739159
3,2,"PI 496448",94.7367033580305,94.0300155570897
3,2,"PI 497395",32.1872334414205,28.9151279552228
3,2,"PI 502040",13.1754427217406,37.8100701566791
3,3,"PI 155107",-33.0304284762533,-32.31507918273
3,3,"PI 158854",93.3876253818025,93.8774378669566
3,3,"PI 200441",-17.4867363486021,-19.215355383568
3,3,"PI 268755",-34.6790842345355,-33.3448268566626
3,3,"PI 290560",-36.5730859340983,-38.9351821285846
3,3,"PI 292950",93.5519341824262,93.5123001856765
3,3,"PI 298854",89.0901845491034,87.7160165214395
3,3,"PI 319768",-3.0947565821953,3.71584891872714
3,3,"PI 323268",84.9638228003057,86.8807521644742
3,3,"PI 337406",-15.5986954843422,-18.475032606496
3,3,"PI 370331",26.0050898783708,51.6607366566612
3,3,"PI 433347",-8.40499945385635,1.85405230534479
3,3,"PI 461427",-52.8331073584546,-53.4206168150209
3,3,"PI 471952",-14.2039684045055,-48.4178811736536
3,3,"PI 471954",-22.923447881111,-58.5027378055666
3,3,"PI 475863",-21.7910590813281,-28.1667362888902
3,3,"PI 475931",7.58481242635805,9.74738801148975
3,3,"PI 493581",-52.467277874188,-45.3953310533066
3,3,"PI 493693",-19.7180182573206,-19.2285727697658
3,3,"PI 493729",-21.4277665654921,-32.7703492308239
3,3,"PI 502111",-8.61913127345229,-11.5314199287051
3,4,"PI 162655",-47.4045097307795,-43.1198423631524
3,4,"PI 259658",100.707784632293,89.7332139826466
3,4,"PI 259851",96.1103353979561,90.6386359051363
3,4,"PI 268806",90.8657621252714,91.8861256067818
3,4,"PI 290536",93.7106746878443,91.4191663642587
3,4,"PI 295309",94.3003649781333,93.0132251819912
3,4,"PI 296550",7.58476294109594,18.1071426658296
3,4,"PI 313129",14.9161544517895,24.9055959068778
3,4,"PI 319770",5.60792539732361,-17.5003116910119
3,4,"PI 325943",-55.6161781982585,-50.5999318963347
3,4,"PI 331297",-0.797372907023051,18.2334338383169
3,4,"PI 337399",-48.891681182551,-43.5175127964722
3,4,"PI 403813",-24.2800736050239,-24.1497204893923
3,4,"PI 407667",-44.1385440155654,-43.2399064571401
3,4,"PI 429420",3.82761765604124,-12.015429399625
3,4,"PI 442768",23.9078614520448,40.0681778394887
3,4,"PI 482120",-33.3095785090718,-38.2936882320024
3,4,"PI 493717",-16.358090909818,-14.6616190847438
3,4,"PI 493938",-15.6332847605169,-40.9977425368396
3,4,"PI 494034",-13.8212734354372,-47.2132824804607
3,4,"PI 496401",21.2938516538893,53.0936084796146
3,5,"PI 196622",94.484362479052,94.4137026874367
3,5,"PI 196635",91.8808532061868,92.1673941209295
3,5,"PI 240560",-39.1675881289274,-34.3284411622313
3,5,"PI 262038",-45.3195725080565,-49.9168837421457
3,5,"PI 270786",90.8506593776961,92.6375131510666
3,5,"PI 270907",91.9216771993511,92.1962003277237
3,5,"PI 271019",-5.6110404254436,1.8606445132121
3,5,"PI 288146",-46.6743049666706,-42.4166867424294
3,5,"PI 296558",9.08251356251902,4.06782876586874
3,5,"PI 331314",13.7523475204017,-17.1336055066347
3,5,"PI 356004",-52.9949451982828,-52.047870367965
3,5,"PI 372305",18.3010174031283,63.7202552360066
3,5,"PI 461434",-20.275057381311,-24.9691922195521
3,5,"PI 476025",-11.1103233953259,-10.9815395870792
3,5,"PI 478850",-41.4131499911608,-41.2852591784424
3,5,"PI 482189",-13.9503326174076,-29.710008784127
3,5,"PI 493631",-25.0973116550801,-25.9206528705093
3,5,"PI 493880",-23.636920533488,-40.8705002697242
3,5,"PI 497517",-19.5932911626775,-22.6214540301777
3,5,"PI 504614",-34.6991415397245,-31.8883611856408
4,1,"PI 259617",-49.9702615314471,-47.9374883884206
4,1,"PI 268806",90.8657621252714,92.0821998526028
4,1,"PI 270786",90.8506593776961,92.7465685874239
4,1,"PI 271019",-5.6110404254436,4.88247324469542
4,1,"PI 274193",24.0338362276932,26.1002828857741
4,1,"PI 290536",93.7106746878443,91.3950118705466
4,1,"PI 292950",93.5519341824262,93.7751108388726
4,1,"PI 295250",93.8116442119282,93.1263913725625
4,1,"PI 313129",14.9161544517895,26.7813311419716
4,1,"PI 325943",-55.6161781982585,-47.6033240118357
4,1,"PI 371521",30.2241303065118,56.9743893814028
4,1,"PI 372305",18.3010174031283,61.216160996076
4,1,"PI 408743",-12.8417941895264,-8.06207032302192
4,1,"PI 429420",3.82761765604124,-3.30840927335768
4,1,"PI 461427",-52.8331073584546,-47.6014027333743
4,1,"PI 475931",7.58481242635805,9.09046651326934
4,1,"PI 476025",-11.1103233953259,-10.9216499648919
4,1,"PI 476596",-0.54667913283332,-7.52146267338551
4,1,"PI 482189",-13.9503326174076,-26.2652785952074
4,1,"PI 494018",-15.4848038593226,-8.74310490666427
4,1,"PI 494795",8.2364494572083,8.24176679365575
4,2,"PI 162655",-47.4045097307795,-46.1128240109337
4,2,"PI 259836",-13.4113846071158,-29.0636136865977
4,2,"PI 262038",-45.3195725080565,-50.0951294031066
4,2,"PI 268755",-34.6790842345355,-33.233411445111
4,2,"PI 295309",94.3003649781333,93.2159532523155
4,2,"PI 295730",-11.8796500206539,-29.4357465449691
4,2,"PI 319768",-3.0947565821953,0.824766037000135
4,2,"PI 343384",3.09862563909943,-12.3450972279462
4,2,"PI 355271",59.3113990135345,78.7855300718005
4,2,"PI 399581",6.17677612805178,-1.88612786779859
4,2,"PI 442768",23.9078614520448,37.9712826412888
4,2,"PI 468271",20.3866795249287,16.5393008164114
4,2,"PI 471954",-22.923447881111,-65.3917279779798
4,2,"PI 481795",93.6606495311802,94.2859320033832
4,2,"PI 493547",-33.5078715622015,-43.901845762091
4,2,"PI 493693",-19.7180182573206,-15.2240380172918
4,2,"PI 493938",-15.6332847605169,-37.9262842228853
4,2,"PI 494034",-13.8212734354372,-48.0810245494875
4,2,"PI 496401",21.2938516538893,54.1707213003425
4,2,"PI 497318",31.7422567795936,31.787514354014
4,2,"PI 502111",-8.61913127345229,-11.726635136253
4,3,"PI 155107",-33.0304284762533,-32.6293877605518
4,3,"PI 270907",91.9216771993511,92.0455265521728
4,3,"PI 288210",14.8949132937833,22.7704779375725
4,3,"PI 290566",91.9247088400474,91.113214128708
4,3,"PI 290620",19.1869186745998,34.9891154309851
4,3,"PI 298854",89.0901845491034,87.7429885085253
4,3,"PI 319770",5.60792539732361,-35.2715218792637
4,3,"PI 337293",-33.1303500962705,-35.7060592280157
4,3,"PI 337399",-48.891681182551,-46.0315746707294
4,3,"PI 372271",95.027229009404,93.4266255599106
4,3,"PI 403813",-24.2800736050239,-24.8925645811467
4,3,"PI 407667",-44.1385440155654,-45.9198272044617
4,3,"PI 433347",-8.40499945385635,14.0575046769423
4,3,"PI 461434",-20.275057381311,-26.7137053773479
4,3,"PI 475863",-21.7910590813281,-29.8996203709937
4,3,"PI 475918",-23.2701323113072,-25.8299803994128
4,3,"PI 476432",-4.38686752313152,2.72179297359944
4,3,"PI 482120",-33.3095785090718,-38.5398349012637
4,3,"PI 493631",-25.0973116550801,-26.882501247049
4,3,"PI 493729",-21.4277665654921,-31.8306975226243
4,3,"PI 502120",7.61631474631251,17.6212280663254
4,4,"PI 157542",76.5152772600273,81.4063388904068
4,4,"PI 158854",93.3876253818025,93.8031813366441
4,4,"PI 159786",91.9795136139364,92.0246578368155
4,4,"PI 196622",94.484362479052,94.5417057920695
4,4,"PI 196635",91.8808532061868,92.0101359746079
4,4,"PI 200441",-17.4867363486021,-24.5153660902782
4,4,"PI 240560",-39.1675881289274,-27.7498426846323
4,4,"PI 259658",100.707784632293,93.6755200158767
4,4,"PI 268868",91.7512108457322,91.7855653103124
4,4,"PI 270905",23.0458444858713,67.5196251039582
4,4,"PI 288146",-46.6743049666706,-41.9181799223393
4,4,"PI 290560",-36.5730859340983,-28.6244812686852
4,4,"PI 296550",7.58476294109594,24.1962458337832
4,4,"PI 296558",9.08251356251902,22.8830885921916
4,4,"PI 343398",20.9688595511485,68.1326961513519
4,4,"PI 355268",83.5926065435547,81.4747550041759
4,4,"PI 476636",92.1309729640279,91.7381471009192
4,4,"PI 493356",-19.7670824072696,-40.1019735071266
4,4,"PI 493880",-23.636920533488,-40.4821003863392
4,4,"PI 497517",-19.5932911626775,-26.8686960260169
4,4,"PI 497639",-10.5806964808468,-11.0518791719082
4,5,"PI 162857",87.8557386974058,82.9848516494811
4,5,"PI 259851",96.1103353979561,91.9181102687772
4,5,"PI 268586",-14.728322957987,-8.40541031640167
4,5,"PI 268996",-18.7396999989541,-31.5777871773662
4,5,"PI 270998",-1.28088253738996,-4.30172331933565
4,5,"PI 323268",84.9638228003057,82.6203281666936
4,5,"PI 331297",-0.797372907023051,10.8002914427012
4,5,"PI 331314",13.7523475204017,-5.35055895465946
4,5,"PI 337406",-15.5986954843422,-12.4491239640391
4,5,"PI 339960",-19.139805353552,-22.5076243142574
4,5,"PI 356004",-52.9949451982828,-51.0333998315696
4,5,"PI 370331",26.0050898783708,46.3767945449059
4,5,"PI 471952",-14.2039684045055,-55.0706942925687
4,5,"PI 478850",-41.4131499911608,-41.5527750107852
4,5,"PI 493581",-52.467277874188,-44.8702463573638
4,5,"PI 493717",-16.358090909818,-3.85643744057225
4,5,"PI 496448",94.7367033580305,94.3225846779127
4,5,"PI 497395",32.1872334414205,29.1154177039833
4,5,"PI 502040",13.1754427217406,33.3365033841818
4,5,"PI 504614",-34.6991415397245,-33.5009434281698
5,1,"PI 155107",-33.0304284762533,-34.3788734115292
5,1,"PI 240560",-39.1675881289274,-34.3444247314711
5,1,"PI 259658",100.707784632293,91.3597788945089
5,1,"PI 274193",24.0338362276932,27.6176096686652
5,1,"PI 296550",7.58476294109594,14.8544832986249
5,1,"PI 323268",84.9638228003057,86.8989534201736
5,1,"PI 355268",83.5926065435547,81.5126890231809
5,1,"PI 371521",30.2241303065118,61.8572911969895
5,1,"PI 372271",95.027229009404,92.8725326090918
5,1,"PI 403813",-24.2800736050239,-24.3218325790123
5,1,"PI 433347",-8.40499945385635,5.01264420873385
5,1,"PI 461434",-20.275057381311,-26.3328826855352
5,1,"PI 471954",-22.923447881111,-71.5488447421405
5,1,"PI 475863",-21.7910590813281,-31.6688958154766
5,1,"PI 475918",-23.2701323113072,-25.7737051291652
5,1,"PI 476432",-4.38686752313152,-4.00211136064851
5,1,"PI 478850",-41.4131499911608,-44.9604927026314
5,1,"PI 493717",-16.358090909818,-11.1558471542575
5,1,"PI 493880",-23.636920533488,-40.8437046458286
5,1,"PI 494034",-13.8212734354372,-40.6938638526873
5,1,"PI 496448",94.7367033580305,93.4842608584261
5,2,"PI 259836",-13.4113846071158,-19.4231570066937
5,2,"PI 259851",96.1103353979561,92.7738851887251
5,2,"PI 268996",-18.7396999989541,-26.8268880296257
5,2,"PI 270905",23.0458444858713,62.2367406095082
5,2,"PI 271019",-5.6110404254436,-6.13338164494014
5,2,"PI 288146",-46.6743049666706,-43.3353761527526
5,2,"PI 290560",-36.5730859340983,-39.5522842922031
5,2,"PI 295250",93.8116442119282,92.481189131614
5,2,"PI 295309",94.3003649781333,92.8215008254018
5,2,"PI 331297",-0.797372907023051,15.3350766097384
5,2,"PI 343398",20.9688595511485,67.9637060624456
5,2,"PI 481795",93.6606495311802,94.3058023869284
5,2,"PI 482120",-33.3095785090718,-37.7333476694752
5,2,"PI 493356",-19.7670824072696,-38.7853386920399
5,2,"PI 493581",-52.467277874188,-44.8118232163822
5,2,"PI 493693",-19.7180182573206,-10.033921971232
5,2,"PI 494018",-15.4848038593226,-11.0393221222141
5,2,"PI 496401",21.2938516538893,56.8665168371272
5,2,"PI 502040",13.1754427217406,36.1202533501214
5,2,"PI 502120",7.61631474631251,30.8104158879055
5,2,"PI 504614",-34.6991415397245,-32.7093792723197
5,3,"PI 158854",93.3876253818025,93.9910050043964
5,3,"PI 162857",87.8557386974058,84.8499479149168
5,3,"PI 262038",-45.3195725080565,-49.0651919648909
5,3,"PI 268586",-14.728322957987,-6.60522624016911
5,3,"PI 268868",91.7512108457322,91.8590675861696
5,3,"PI 270786",90.8506593776961,93.0579246167453
5,3,"PI 319770",5.60792539732361,-29.0066475836096
5,3,"PI 331314",13.7523475204017,-13.5256496865189
5,3,"PI 337399",-48.891681182551,-46.1020686159687
5,3,"PI 343384",3.09862563909943,-12.5597190190874
5,3,"PI 372305",18.3010174031283,58.5399276062676
5,3,"PI 461427",-52.8331073584546,-53.4005968959695
5,3,"PI 471952",-14.2039684045055,-55.5370395937523
5,3,"PI 476025",-11.1103233953259,-11.3776666676843
5,3,"PI 493547",-33.5078715622015,-48.2075548343047
5,3,"PI 493631",-25.0973116550801,-26.9705703315529
5,3,"PI 493938",-15.6332847605169,-31.9712281708527
5,3,"PI 497318",31.7422567795936,18.6781227405497
5,3,"PI 497395",32.1872334414205,18.4988795205305
5,3,"PI 497517",-19.5932911626775,-27.364346583244
5,3,"PI 497639",-10.5806964808468,-11.5332398421902
5,4,"PI 157542",76.5152772600273,84.3075923196947
5,4,"PI 196622",94.484362479052,94.0787943994895
5,4,"PI 196635",91.8808532061868,91.9910276356947
5,4,"PI 200441",-17.4867363486021,-23.0783671955704
5,4,"PI 259617",-49.9702615314471,-51.136728003702
5,4,"PI 268755",-34.6790842345355,-33.5416306077308
5,4,"PI 270998",-1.28088253738996,-10.906794727849
5,4,"PI 288210",14.8949132937833,29.4848691039368
5,4,"PI 292950",93.5519341824262,93.163366628294
5,4,"PI 319768",-3.0947565821953,-3.84912644159016
5,4,"PI 325943",-55.6161781982585,-50.6546325065908
5,4,"PI 337293",-33.1303500962705,-33.7000835110809
5,4,"PI 337406",-15.5986954843422,-14.3626583329759
5,4,"PI 355271",59.3113990135345,81.0078703593304
5,4,"PI 370331",26.0050898783708,48.7362606705536
5,4,"PI 407667",-44.1385440155654,-47.1998463109133
5,4,"PI 408743",-12.8417941895264,-23.6838904298947
5,4,"PI 429420",3.82761765604124,-15.5000361938912
5,4,"PI 468271",20.3866795249287,19.5081650949295
5,4,"PI 475931",7.58481242635805,6.85704851020206
5,4,"PI 494795",8.2364494572083,6.55900117660203
5,5,"PI 159786",91.9795136139364,92.0175510335123
5,5,"PI 162655",-47.4045097307795,-47.2264289934238
5,5,"PI 268806",90.8657621252714,92.0562405800992
5,5,"PI 270907",91.9216771993511,91.9279897508308
5,5,"PI 290536",93.7106746878443,91.389388968891
5,5,"PI 290566",91.9247088400474,91.0685470977911
5,5,"PI 290620",19.1869186745998,41.0158379896093
5,5,"PI 295730",-11.8796500206539,-24.5698835844643
5,5,"PI 296558",9.08251356251902,-0.863144828407602
5,5,"PI 298854",89.0901845491034,87.966226185816
5,5,"PI 313129",14.9161544517895,31.229727116158
5,5,"PI 339960",-19.139805353552,-26.0897883865777
5,5,"PI 356004",-52.9949451982828,-51.7577408784298
5,5,"PI 399581",6.17677612805178,-5.03921773751712
5,5,"PI 442768",23.9078614520448,41.168834821498
5,5,"PI 476596",-0.54667913283332,-18.3711043450042
5,5,"PI 476636",92.1309729640279,91.8243427793229
5,5,"PI 482189",-13.9503326174076,-27.1351576227754
5,5,"PI 493729",-21.4277665654921,-33.6562548995008
5,5,"PI 502111",-8.61913127345229,-11.2821396161
6,1,"PI 196622",94.484362479052,94.336524508902
6,1,"PI 200441",-17.4867363486021,-22.5830861916036
6,1,"PI 259851",96.1103353979561,93.3739575664547
6,1,"PI 268868",91.7512108457322,91.8308622474227
6,1,"PI 270907",91.9216771993511,92.0917666386551
6,1,"PI 288210",14.8949132937833,25.8218632376085
6,1,"PI 290560",-36.5730859340983,-38.8375500142271
6,1,"PI 319770",5.60792539732361,-32.427163655345
6,1,"PI 323268",84.9638228003057,86.5527056237961
6,1,"PI 331314",13.7523475204017,-14.1395423299375
6,1,"PI 337406",-15.5986954843422,-22.6698433390352
6,1,"PI 355268",83.5926065435547,81.212192695553
6,1,"PI 408743",-12.8417941895264,-16.7362438283679
6,1,"PI 493356",-19.7670824072696,-39.2105441890897
6,1,"PI 493547",-33.5078715622015,-47.0952308050932
6,1,"PI 493631",-25.0973116550801,-26.3089475123302
6,1,"PI 493717",-16.358090909818,-11.0222312373345
6,1,"PI 493729",-21.4277665654921,-39.7507449142096
6,1,"PI 493880",-23.636920533488,-40.8904642599639
6,1,"PI 497517",-19.5932911626775,-25.4387053991244
6,1,"PI 497639",-10.5806964808468,-11.1643797310348
6,2,"PI 155107",-33.0304284762533,-29.7160985766545
6,2,"PI 162857",87.8557386974058,85.8543058609647
6,2,"PI 268806",90.8657621252714,92.0304987249044
6,2,"PI 268996",-18.7396999989541,-25.3651674190057
6,2,"PI 270998",-1.28088253738996,-7.56378665585065
6,2,"PI 290566",91.9247088400474,91.3140013264244
6,2,"PI 295250",93.8116442119282,92.9914098242106
6,2,"PI 296558",9.08251356251902,0.726151361417522
6,2,"PI 313129",14.9161544517895,34.9655520703636
6,2,"PI 339960",-19.139805353552,-25.705387285255
6,2,"PI 343384",3.09862563909943,-7.58235804579396
6,2,"PI 355271",59.3113990135345,80.2926742846368
6,2,"PI 370331",26.0050898783708,49.9691255818844
6,2,"PI 372271",95.027229009404,93.6833071223315
6,2,"PI 461427",-52.8331073584546,-53.9047170092197
6,2,"PI 471954",-22.923447881111,-64.7429978826481
6,2,"PI 476025",-11.1103233953259,-11.6356879875916
6,2,"PI 493938",-15.6332847605169,-32.6140790893318
6,2,"PI 502111",-8.61913127345229,-11.7659070197231
6,2,"PI 502120",7.61631474631251,1.70706766141372
6,2,"PI 504614",-34.6991415397245,-29.8160599359914
6,3,"PI 196635",91.8808532061868,91.9231928104319
6,3,"PI 240560",-39.1675881289274,-35.3520023462628
6,3,"PI 270786",90.8506593776961,92.465979530267
6,3,"PI 274193",24.0338362276932,25.8137676158461
6,3,"PI 290536",93.7106746878443,91.1050184650244
6,3,"PI 295309",94.3003649781333,92.7844216110935
6,3,"PI 325943",-55.6161781982585,-50.3390976316272
6,3,"PI 331297",-0.797372907023051,18.7186803811513
6,3,"PI 337293",-33.1303500962705,-34.4156589463143
6,3,"PI 343398",20.9688595511485,51.7966627261972
6,3,"PI 461434",-20.275057381311,-20.8971595441707
6,3,"PI 471952",-14.2039684045055,-51.7609670264743
6,3,"PI 475863",-21.7910590813281,-27.4772034791859
6,3,"PI 476432",-4.38686752313152,-1.98469410487342
6,3,"PI 476596",-0.54667913283332,-10.3579898843593
6,3,"PI 478850",-41.4131499911608,-38.6958187490684
6,3,"PI 482120",-33.3095785090718,-36.6538295077543
6,3,"PI 493581",-52.467277874188,-44.320664183939
6,3,"PI 494795",8.2364494572083,4.94259330885012
6,3,"PI 497395",32.1872334414205,28.9758458385872
6,3,"PI 502040",13.1754427217406,36.3290174898464
6,4,"PI 158854",93.3876253818025,93.8038111240714
6,4,"PI 159786",91.9795136139364,91.8902577360519
6,4,"PI 162655",-47.4045097307795,-29.3138351708827
6,4,"PI 259658",100.707784632293,91.8976805857317
6,4,"PI 268586",-14.728322957987,-9.12739515074598
6,4,"PI 268755",-34.6790842345355,-31.6393568825465
6,4,"PI 271019",-5.6110404254436,5.8603260441317
6,4,"PI 288146",-46.6743049666706,-29.9441648262014
6,4,"PI 298854",89.0901845491034,87.7143024493373
6,4,"PI 337399",-48.891681182551,-29.8819060717679
6,4,"PI 356004",-52.9949451982828,-51.336624895199
6,4,"PI 371521",30.2241303065118,62.3949639541877
6,4,"PI 399581",6.17677612805178,-4.90258361345703
6,4,"PI 407667",-44.1385440155654,-31.9779475115766
6,4,"PI 442768",23.9078614520448,41.9867447110642
6,4,"PI 468271",20.3866795249287,20.1299192668764
6,4,"PI 475918",-23.2701323113072,-21.7989179741917
6,4,"PI 493693",-19.7180182573206,-13.8154448346277
6,4,"PI 494018",-15.4848038593226,-8.97563520983182
6,4,"PI 496448",94.7367033580305,94.2176088547523
6,4,"PI 497318",31.7422567795936,31.3264341106728
6,5,"PI 157542",76.5152772600273,80.7456261335251
6,5,"PI 259617",-49.9702615314471,-53.7849920067681
6,5,"PI 259836",-13.4113846071158,-28.4230106800423
6,5,"PI 262038",-45.3195725080565,-50.5090635907976
6,5,"PI 270905",23.0458444858713,46.9533731537256
6,5,"PI 290620",19.1869186745998,38.8003414732151
6,5,"PI 292950",93.5519341824262,93.5481497720303
6,5,"PI 295730",-11.8796500206539,-29.6962422272567
6,5,"PI 296550",7.58476294109594,17.82144743055
6,5,"PI 319768",-3.0947565821953,10.791226444284
6,5,"PI 372305",18.3010174031283,62.0546187873393
6,5,"PI 403813",-24.2800736050239,-23.0917226395072
6,5,"PI 429420",3.82761765604124,-13.0049006312228
6,5,"PI 433347",-8.40499945385635,3.4556884773046
6,5,"PI 475931",7.58481242635805,8.79735385228868
6,5,"PI 476636",92.1309729640279,91.8244269205774
6,5,"PI 481795",93.6606495311802,94.236576599101
6,5,"PI 482189",-13.9503326174076,-29.9921314853988
6,5,"PI 494034",-13.8212734354372,-39.2805001948407
6,5,"PI 496401",21.2938516538893,49.3162698356446
7,1,"PI 157542",76.5152772600273,80.8181003532361
7,1,"PI 162857",87.8557386974058,85.3613442821663
7,1,"PI 196622",94.484362479052,94.059816904132
7,1,"PI 259617",-49.9702615314471,-53.9762208213275
7,1,"PI 290560",-36.5730859340983,-38.5620216800798
7,1,"PI 298854",89.0901845491034,89.5832231367173
7,1,"PI 319768",-3.0947565821953,2.30059105623351
7,1,"PI 319770",5.60792539732361,-18.9722613251762
7,1,"PI 337399",-48.891681182551,-46.4589413604912
7,1,"PI 343398",20.9688595511485,50.6165528421274
7,1,"PI 355268",83.5926065435547,81.7403052956996
7,1,"PI 371521",30.2241303065118,64.4576463576375
7,1,"PI 442768",23.9078614520448,37.8945542143188
7,1,"PI 461427",-52.8331073584546,-53.9508655684783
7,1,"PI 468271",20.3866795249287,18.6466954490041
7,1,"PI 478850",-41.4131499911608,-44.6422720153271
7,1,"PI 493717",-16.358090909818,-5.20926316974923
7,1,"PI 493938",-15.6332847605169,-31.7399431269916
7,1,"PI 494795",8.2364494572083,6.83340599132456
7,1,"PI 496401",21.2938516538893,56.5832445573327
7,1,"PI 502120",7.61631474631251,24.9151267660236
7,2,"PI 259658",100.707784632293,92.6671848015949
7,2,"PI 259836",-13.4113846071158,-18.1833768339619
7,2,"PI 268755",-34.6790842345355,-31.9176288662678
7,2,"PI 270786",90.8506593776961,92.5261300085249
7,2,"PI 270905",23.0458444858713,50.8813744765172
7,2,"PI 270907",91.9216771993511,92.0881296197589
7,2,"PI 271019",-5.6110404254436,4.12033632626727
7,2,"PI 290536",93.7106746878443,91.2241744762812
7,2,"PI 295250",93.8116442119282,93.1488490343886
7,2,"PI 325943",-55.6161781982585,-50.355516447848
7,2,"PI 337406",-15.5986954843422,-12.1872180477879
7,2,"PI 403813",-24.2800736050239,-25.1192208361338
7,2,"PI 407667",-44.1385440155654,-46.3168102073014
7,2,"PI 471954",-22.923447881111,-69.0904257272557
7,2,"PI 475863",-21.7910590813281,-28.9107180491883
7,2,"PI 475931",7.58481242635805,7.91083836867636
7,2,"PI 482189",-13.9503326174076,-27.9800520302088
7,2,"PI 493581",-52.467277874188,-44.2947318282444
7,2,"PI 497318",31.7422567795936,30.6288203175492
7,2,"PI 497639",-10.5806964808468,-11.4721991585361
7,2,"PI 502040",13.1754427217406,36.6138847690299
7,3,"PI 162655",-47.4045097307795,-45.2786639055766
7,3,"PI 262038",-45.3195725080565,-49.7507183835803
7,3,"PI 268586",-14.728322957987,-8.42422974694319
7,3,"PI 268996",-18.7396999989541,-28.8160778397612
7,3,"PI 288146",-46.6743049666706,-41.7612194103592
7,3,"PI 292950",93.5519341824262,93.3907431239447
7,3,"PI 295730",-11.8796500206539,-23.4586042323122
7,3,"PI 296558",9.08251356251902,-0.421959895498469
7,3,"PI 313129",14.9161544517895,31.4344629120837
7,3,"PI 323268",84.9638228003057,87.0359229091339
7,3,"PI 331314",13.7523475204017,-3.11234436290269
7,3,"PI 337293",-33.1303500962705,-35.42754753635
7,3,"PI 355271",59.3113990135345,79.9288299784337
7,3,"PI 429420",3.82761765604124,-13.0074146313707
7,3,"PI 475918",-23.2701323113072,-22.5579090778521
7,3,"PI 481795",93.6606495311802,94.0989342250545
7,3,"PI 493356",-19.7670824072696,-37.8322589276292
7,3,"PI 493547",-33.5078715622015,-46.4776958098781
7,3,"PI 493631",-25.0973116550801,-27.0586880076729
7,3,"PI 496448",94.7367033580305,94.4920922290349
7,3,"PI 502111",-8.61913127345229,-11.6214783009811
7,4,"PI 158854",93.3876253818025,93.9941433612899
7,4,"PI 159786",91.9795136139364,91.8418745249025
7,4,"PI 196635",91.8808532061868,91.9594022506187
7,4,"PI 240560",-39.1675881289274,-34.6473273064663
7,4,"PI 268868",91.7512108457322,91.6763886854443
7,4,"PI 274193",24.0338362276932,27.4754677986131
7,4,"PI 290566",91.9247088400474,91.0260521880037
7,4,"PI 290620",19.1869186745998,38.5291176170612
7,4,"PI 296550",7.58476294109594,12.7638969364774
7,4,"PI 331297",-0.797372907023051,12.4296146149456
7,4,"PI 339960",-19.139805353552,-24.6128066226639
7,4,"PI 343384",3.09862563909943,-17.0367508412002
7,4,"PI 408743",-12.8417941895264,-15.2891584602191
7,4,"PI 476432",-4.38686752313152,-4.88052072040344
7,4,"PI 476596",-0.54667913283332,-15.9359189342735
7,4,"PI 476636",92.1309729640279,91.6159450261954
7,4,"PI 493729",-21.4277665654921,-35.7609137691434
7,4,"PI 493880",-23.636920533488,-41.3334586180748
7,4,"PI 497395",32.1872334414205,29.247427548516
7,4,"PI 497517",-19.5932911626775,-19.5501445411345
7,4,"PI 504614",-34.6991415397245,-31.5988361371483
7,5,"PI 155107",-33.0304284762533,-32.0209884842759
7,5,"PI 200441",-17.4867363486021,-23.2929462042733
7,5,"PI 259851",96.1103353979561,93.6742289581343
7,5,"PI 268806",90.8657621252714,92.1336463333405
7,5,"PI 270998",-1.28088253738996,-5.74078808428334
7,5,"PI 288210",14.8949132937833,26.159739522075
7,5,"PI 295309",94.3003649781333,93.0535437627471
7,5,"PI 356004",-52.9949451982828,-51.600171924058
7,5,"PI 370331",26.0050898783708,51.4590128347827
7,5,"PI 372271",95.027229009404,93.7133327313579
7,5,"PI 372305",18.3010174031283,63.2937593307522
7,5,"PI 399581",6.17677612805178,-9.78801870742865
7,5,"PI 433347",-8.40499945385635,-0.193457941475106
7,5,"PI 461434",-20.275057381311,-24.0459871337018
7,5,"PI 471952",-14.2039684045055,-50.2027517410459
7,5,"PI 476025",-11.1103233953259,-10.1401204934335
7,5,"PI 482120",-33.3095785090718,-38.9471084957684
7,5,"PI 493693",-19.7180182573206,-15.0912236966113
7,5,"PI 494018",-15.4848038593226,-7.63298674163379
7,5,"PI 494034",-13.8212734354372,-35.6992804617046
8,1,"PI 259617",-49.9702615314471,-54.2063749287349
8,1,"PI 262038",-45.3195725080565,-51.4571933619734
8,1,"PI 268868",91.7512108457322,91.6999067859338
8,1,"PI 288210",14.8949132937833,26.3552020392694
8,1,"PI 290620",19.1869186745998,32.9190026005671
8,1,"PI 295250",93.8116442119282,93.1723248345112
8,1,"PI 295730",-11.8796500206539,-26.0398328877925
8,1,"PI 296558",9.08251356251902,-1.09186762544465
8,1,"PI 339960",-19.139805353552,-27.371870634175
8,1,"PI 343384",3.09862563909943,-18.950272133709
8,1,"PI 355268",83.5926065435547,80.9693943767283
8,1,"PI 370331",26.0050898783708,55.3799814965921
8,1,"PI 371521",30.2241303065118,63.5986284137975
8,1,"PI 372271",95.027229009404,93.6961235733119
8,1,"PI 399581",6.17677612805178,-12.3543347462848
8,1,"PI 475931",7.58481242635805,10.1132930685028
8,1,"PI 476432",-4.38686752313152,-10.7231377117548
8,1,"PI 478850",-41.4131499911608,-46.2417549077088
8,1,"PI 493547",-33.5078715622015,-47.949994942793
8,1,"PI 493880",-23.636920533488,-39.4180238973238
8,1,"PI 497395",32.1872334414205,29.4339680295591
8,2,"PI 158854",93.3876253818025,94.218393763136
8,2,"PI 159786",91.9795136139364,92.4748284555257
8,2,"PI 196635",91.8808532061868,92.1698778703001
8,2,"PI 200441",-17.4867363486021,-22.3307122013471
8,2,"PI 240560",-39.1675881289274,-28.8826846663041
8,2,"PI 259658",100.707784632293,91.7809739698522
8,2,"PI 259836",-13.4113846071158,-20.025785636303
8,2,"PI 268806",90.8657621252714,92.4549883063741
8,2,"PI 270786",90.8506593776961,93.376693222955
8,2,"PI 271019",-5.6110404254436,0.605587686843273
8,2,"PI 290560",-36.5730859340983,-29.5927097640384
8,2,"PI 290566",91.9247088400474,91.1622032936052
8,2,"PI 292950",93.5519341824262,93.9810463488196
8,2,"PI 331297",-0.797372907023051,2.63969790538434
8,2,"PI 355271",59.3113990135345,79.5423908465418
8,2,"PI 372305",18.3010174031283,60.0938582493281
8,2,"PI 408743",-12.8417941895264,-23.8426656289333
8,2,"PI 461427",-52.8331073584546,-53.4795027669184
8,2,"PI 476596",-0.54667913283332,-1.38760345628027
8,2,"PI 482189",-13.9503326174076,-26.2870891501757
8,2,"PI 502120",7.61631474631251,5.66487987666541
8,3,"PI 155107",-33.0304284762533,-29.6607839160126
8,3,"PI 259851",96.1103353979561,90.3363517059769
8,3,"PI 268586",-14.728322957987,-6.27963003384371
8,3,"PI 268996",-18.7396999989541,-28.747129187078
8,3,"PI 270998",-1.28088253738996,-3.29862750108621
8,3,"PI 295309",94.3003649781333,93.2691430299943
8,3,"PI 298854",89.0901845491034,84.6257776246458
8,3,"PI 319768",-3.0947565821953,6.4452168818101
8,3,"PI 319770",5.60792539732361,-29.7800606580543
8,3,"PI 337399",-48.891681182551,-46.7919337670051
8,3,"PI 337406",-15.5986954843422,-14.9129417963896
8,3,"PI 343398",20.9688595511485,52.2220094852937
8,3,"PI 407667",-44.1385440155654,-47.3478922788959
8,3,"PI 429420",3.82761765604124,-12.1595294796418
8,3,"PI 471952",-14.2039684045055,-54.2357582173717
8,3,"PI 475918",-23.2701323113072,-20.3836381873935
8,3,"PI 476025",-11.1103233953259,-10.8857649833688
8,3,"PI 493631",-25.0973116550801,-26.3056260995514
8,3,"PI 497318",31.7422567795936,30.4540995319813
8,3,"PI 497517",-19.5932911626775,-24.2690294691399
8,3,"PI 504614",-34.6991415397245,-31.2613340658115
8,4,"PI 157542",76.5152772600273,82.2820067606643
8,4,"PI 162655",-47.4045097307795,-45.4212876277523
8,4,"PI 274193",24.0338362276932,26.846341445884
8,4,"PI 288146",-46.6743049666706,-41.2625330108291
8,4,"PI 290536",93.7106746878443,91.1141630127116
8,4,"PI 296550",7.58476294109594,17.13762870691
8,4,"PI 323268",84.9638228003057,86.993133821242
8,4,"PI 325943",-55.6161781982585,-49.3203008069373
8,4,"PI 337293",-33.1303500962705,-35.4735442523348
8,4,"PI 356004",-52.9949451982828,-48.4424114303795
8,4,"PI 433347",-8.40499945385635,8.16686205184837
8,4,"PI 461434",-20.275057381311,-26.8603267511785
8,4,"PI 475863",-21.7910590813281,-26.5065647809517
8,4,"PI 476636",92.1309729640279,91.5722939824327
8,4,"PI 481795",93.6606495311802,94.344757750783
8,4,"PI 493729",-21.4277665654921,-31.6884069512266
8,4,"PI 493938",-15.6332847605169,-32.6895518064825
8,4,"PI 494018",-15.4848038593226,-5.21069353655085
8,4,"PI 494795",8.2364494572083,4.8459869672047
8,4,"PI 496448",94.7367033580305,94.3083188604686
8,4,"PI 502040",13.1754427217406,37.8176430651527
8,5,"PI 162857",87.8557386974058,85.1994640408209
8,5,"PI 196622",94.484362479052,94.1460037914936
8,5,"PI 268755",-34.6790842345355,-32.1619633724326
8,5,"PI 270905",23.0458444858713,47.1275612619348
8,5,"PI 270907",91.9216771993511,92.0582433508532
8,5,"PI 313129",14.9161544517895,23.849810396688
8,5,"PI 331314",13.7523475204017,0.22188987534117
8,5,"PI 403813",-24.2800736050239,-24.0177171465125
8,5,"PI 442768",23.9078614520448,39.2534096345546
8,5,"PI 468271",20.3866795249287,17.9190624948205
8,5,"PI 471954",-22.923447881111,-64.631928908307
8,5,"PI 482120",-33.3095785090718,-37.8071259073421
8,5,"PI 493356",-19.7670824072696,-31.0947145222625
8,5,"PI 493581",-52.467277874188,-45.5133353736235
8,5,"PI 493693",-19.7180182573206,-15.8788625873587
8,5,"PI 493717",-16.358090909818,-14.2385559667822
8,5,"PI 494034",-13.8212734354372,-38.8178344503753
8,5,"PI 496401",21.2938516538893,51.5226898536848
8,5,"PI 497639",-10.5806964808468,-12.747201048564
8,5,"PI 502111",-8.61913127345229,-12.2730572116947
9,1,"PI 200441",-17.4867363486021,-26.126930294016
9,1,"PI 268586",-14.728322957987,-9.57744264553901
9,1,"PI 268755",-34.6790842345355,-30.4050290145919
9,1,"PI 268868",91.7512108457322,91.8226479596436
9,1,"PI 270905",23.0458444858713,48.7437650578515
9,1,"PI 270998",-1.28088253738996,-7.13142218543265
9,1,"PI 274193",24.0338362276932,28.1464581547764
9,1,"PI 290566",91.9247088400474,91.0186491492426
9,1,"PI 295730",-11.8796500206539,-22.6911904013577
9,1,"PI 296558",9.08251356251902,3.09056057111032
9,1,"PI 298854",89.0901845491034,87.4419344516102
9,1,"PI 356004",-52.9949451982828,-51.9590949502551
9,1,"PI 399581",6.17677612805178,-6.03338090884891
9,1,"PI 461427",-52.8331073584546,-53.5083411171614
9,1,"PI 475863",-21.7910590813281,-27.7324315407387
9,1,"PI 481795",93.6606495311802,94.4123847219728
9,1,"PI 494018",-15.4848038593226,-7.66102618039384
9,1,"PI 494034",-13.8212734354372,-41.0224982550997
9,1,"PI 497517",-19.5932911626775,-20.5233183361572
9,1,"PI 502040",13.1754427217406,35.5966824064225
9,1,"PI 502120",7.61631474631251,22.8053226659291
9,2,"PI 157542",76.5152772600273,80.1074057862026
9,2,"PI 159786",91.9795136139364,91.9320361017869
9,2,"PI 162655",-47.4045097307795,-44.9637174656244
9,2,"PI 270907",91.9216771993511,92.0743510316597
9,2,"PI 271019",-5.6110404254436,1.74387535923429
9,2,"PI 288146",-46.6743049666706,-42.8097520516603
9,2,"PI 290560",-36.5730859340983,-38.743222128724
9,2,"PI 313129",14.9161544517895,25.714197762374
9,2,"PI 371521",30.2241303065118,62.7805074777388
9,2,"PI 372271",95.027229009404,93.8063082374662
9,2,"PI 372305",18.3010174031283,56.5778314953657
9,2,"PI 403813",-24.2800736050239,-23.1352707216945
9,2,"PI 408743",-12.8417941895264,-5.99548796384521
9,2,"PI 429420",3.82761765604124,-1.71396417685642
9,2,"PI 476596",-0.54667913283332,-7.99961468870468
9,2,"PI 482120",-33.3095785090718,-37.1091927708444
9,2,"PI 493693",-19.7180182573206,-12.9763747045182
9,2,"PI 493717",-16.358090909818,-1.99133886090717
9,2,"PI 493729",-21.4277665654921,-31.8075688353056
9,2,"PI 494795",8.2364494572083,6.11899981643228
9,2,"PI 496401",21.2938516538893,52.2565252512019
9,3,"PI 158854",93.3876253818025,93.9430256519069
9,3,"PI 240560",-39.1675881289274,-34.4711323807651
9,3,"PI 259851",96.1103353979561,93.0607350610817
9,3,"PI 290536",93.7106746878443,91.3011721024833
9,3,"PI 290620",19.1869186745998,35.7177210282862
9,3,"PI 292950",93.5519341824262,93.403603808662
9,3,"PI 319768",-3.0947565821953,5.55334590763837
9,3,"PI 319770",5.60792539732361,-28.4105243543836
9,3,"PI 323268",84.9638228003057,86.648716636768
9,3,"PI 325943",-55.6161781982585,-50.7844387977862
9,3,"PI 337399",-48.891681182551,-46.2572637873572
9,3,"PI 337406",-15.5986954843422,-13.4335396794187
9,3,"PI 339960",-19.139805353552,-27.1515266124943
9,3,"PI 343384",3.09862563909943,-18.0952982974888
9,3,"PI 471952",-14.2039684045055,-52.9313701348357
9,3,"PI 482189",-13.9503326174076,-27.6073189444394
9,3,"PI 493547",-33.5078715622015,-47.29614148925
9,3,"PI 496448",94.7367033580305,94.2634606803506
9,3,"PI 497318",31.7422567795936,14.4823566293845
9,3,"PI 497395",32.1872334414205,14.5920248366382
9,3,"PI 504614",-34.6991415397245,-32.7276664615494
9,4,"PI 162857",87.8557386974058,85.433460139491
9,4,"PI 196622",94.484362479052,94.5026178246627
9,4,"PI 259617",-49.9702615314471,-53.6524924031782
9,4,"PI 259658",100.707784632293,91.9299245631007
9,4,"PI 262038",-45.3195725080565,-42.3219018579941
9,4,"PI 268806",90.8657621252714,92.0216583752494
9,4,"PI 268996",-18.7396999989541,-29.5564439970955
9,4,"PI 270786",90.8506593776961,92.6180056240632
9,4,"PI 331297",-0.797372907023051,11.1657523465622
9,4,"PI 337293",-33.1303500962705,-35.2332769567714
9,4,"PI 370331",26.0050898783708,51.8392829084101
9,4,"PI 433347",-8.40499945385635,4.45957256451693
9,4,"PI 461434",-20.275057381311,-24.4947781943268
9,4,"PI 468271",20.3866795249287,18.0142807895283
9,4,"PI 475918",-23.2701323113072,-21.0964494256515
9,4,"PI 475931",7.58481242635805,9.87420468533762
9,4,"PI 478850",-41.4131499911608,-44.6291222700841
9,4,"PI 493356",-19.7670824072696,-39.5841479841477
9,4,"PI 493581",-52.467277874188,-43.6892653385912
9,4,"PI 493880",-23.636920533488,-37.2739138373276
9,4,"PI 493938",-15.6332847605169,-35.5076423137685
9,5,"PI 155107",-33.0304284762533,-32.9224972948185
9,5,"PI 196635",91.8808532061868,91.8808733393225
9,5,"PI 259836",-13.4113846071158,-20.3065081330337
9,5,"PI 288210",14.8949132937833,29.2806854077535
9,5,"PI 295250",93.8116442119282,92.7783303896416
9,5,"PI 295309",94.3003649781333,93.3670084331519
9,5,"PI 296550",7.58476294109594,12.881388532855
9,5,"PI 331314",13.7523475204017,-3.3396466238527
9,5,"PI 343398",20.9688595511485,51.7156637770546
9,5,"PI 355268",83.5926065435547,83.2983454190398
9,5,"PI 355271",59.3113990135345,78.1786331771431
9,5,"PI 407667",-44.1385440155654,-46.5999696878843
9,5,"PI 442768",23.9078614520448,37.572373408628
9,5,"PI 471954",-22.923447881111,-67.1834566915307
9,5,"PI 476025",-11.1103233953259,-18.4210878789194
9,5,"PI 476432",-4.38686752313152,-3.59248231880513
9,5,"PI 476636",92.1309729640279,91.797212869755
9,5,"PI 493631",-25.0973116550801,-27.0950637670906
9,5,"PI 497639",-10.5806964808468,-18.5292538223601
9,5,"PI 502111",-8.61913127345229,-18.2741234809029
10,1,"PI 159786",91.9795136139364,91.8889974839882
10,1,"PI 162857",87.8557386974058,84.5261976227556
10,1,"PI 259851",96.1103353979561,89.303048656358
10,1,"PI 268586",-14.728322957987,-8.6498402729981
10,1,"PI 268755",-34.6790842345355,-30.808455170113
10,1,"PI 288146",-46.6743049666706,-42.3840737752649
10,1,"PI 290536",93.7106746878443,91.4954077757671
10,1,"PI 295250",93.8116442119282,93.070631198603
10,1,"PI 295730",-11.8796500206539,-25.7189880941536
10,1,"PI 298854",89.0901845491034,84.7344132056635
10,1,"PI 325943",-55.6161781982585,-50.5845662857624
10,1,"PI 331314",13.7523475204017,-9.44079705249668
10,1,"PI 337399",-48.891681182551,-45.5620105049355
10,1,"PI 339960",-19.139805353552,-24.1316828459367
10,1,"PI 343398",20.9688595511485,53.2468519929059
10,1,"PI 429420",3.82761765604124,-9.93397275926839
10,1,"PI 433347",-8.40499945385635,11.4280588718096
10,1,"PI 475931",7.58481242635805,8.51508011168413
10,1,"PI 482120",-33.3095785090718,-38.3944260996096
10,1,"PI 482189",-13.9503326174076,-28.1026715303268
10,1,"PI 502040",13.1754427217406,34.5475597308503
10,2,"PI 259836",-13.4113846071158,-21.4377482368242
10,2,"PI 268996",-18.7396999989541,-30.4476840228814
10,2,"PI 270905",23.0458444858713,50.1789106978404
10,2,"PI 290560",-36.5730859340983,-38.8995936763705
10,2,"PI 290566",91.9247088400474,91.0139880868816
10,2,"PI 319768",-3.0947565821953,4.85830322132725
10,2,"PI 319770",5.60792539732361,-31.8836985512359
10,2,"PI 331297",-0.797372907023051,7.82287415077513
10,2,"PI 343384",3.09862563909943,0.334130825556494
10,2,"PI 355271",59.3113990135345,78.0371967468203
10,2,"PI 356004",-52.9949451982828,-51.2800225786881
10,2,"PI 370331",26.0050898783708,50.0294909936404
10,2,"PI 372271",95.027229009404,93.6734111715215
10,2,"PI 408743",-12.8417941895264,-16.5174279468778
10,2,"PI 475863",-21.7910590813281,-29.0480075620424
10,2,"PI 476432",-4.38686752313152,0.85197367465441
10,2,"PI 493581",-52.467277874188,-44.6118190128124
10,2,"PI 493717",-16.358090909818,-14.1446901681078
10,2,"PI 494034",-13.8212734354372,-42.6790316110096
10,2,"PI 497395",32.1872334414205,29.42522912515
10,2,"PI 497517",-19.5932911626775,-15.5806242707803
10,3,"PI 196622",94.484362479052,94.2708446728012
10,3,"PI 259658",100.707784632293,91.6466380937024
10,3,"PI 262038",-45.3195725080565,-50.9730795207566
10,3,"PI 268806",90.8657621252714,92.1802009028829
10,3,"PI 270786",90.8506593776961,92.3817897626041
10,3,"PI 270907",91.9216771993511,92.1470724730851
10,3,"PI 271019",-5.6110404254436,-1.15054176737911
10,3,"PI 274193",24.0338362276932,27.835935611791
10,3,"PI 355268",83.5926065435547,81.3670322499194
10,3,"PI 399581",6.17677612805178,-10.0472436730144
10,3,"PI 468271",20.3866795249287,17.3002010422126
10,3,"PI 475918",-23.2701323113072,-22.5515621566099
10,3,"PI 476025",-11.1103233953259,-11.198055716604
10,3,"PI 478850",-41.4131499911608,-45.8743047581377
10,3,"PI 481795",93.6606495311802,93.9939360982948
10,3,"PI 493547",-33.5078715622015,-46.7848202860874
10,3,"PI 493693",-19.7180182573206,-8.93433835490845
10,3,"PI 494018",-15.4848038593226,-7.96776728260518
10,3,"PI 496401",21.2938516538893,53.8622333614043
10,3,"PI 496448",94.7367033580305,94.0323945367133
10,3,"PI 497318",31.7422567795936,30.748658374154
10,4,"PI 157542",76.5152772600273,82.7213041843107
10,4,"PI 162655",-47.4045097307795,-47.0353456189995
10,4,"PI 259617",-49.9702615314471,-53.9310524716838
10,4,"PI 270998",-1.28088253738996,1.71535717253903
10,4,"PI 288210",14.8949132937833,28.6031664365796
10,4,"PI 290620",19.1869186745998,40.6773904045549
10,4,"PI 292950",93.5519341824262,93.3510228962143
10,4,"PI 296550",7.58476294109594,10.1698005527088
10,4,"PI 296558",9.08251356251902,3.65476627050399
10,4,"PI 313129",14.9161544517895,32.8896879946344
10,4,"PI 337406",-15.5986954843422,-25.4131664290136
10,4,"PI 403813",-24.2800736050239,-34.6524767024136
10,4,"PI 407667",-44.1385440155654,-46.2909153905685
10,4,"PI 442768",23.9078614520448,41.3022605073314
10,4,"PI 476596",-0.54667913283332,-17.0624947519881
10,4,"PI 493356",-19.7670824072696,-42.852411821317
10,4,"PI 493631",-25.0973116550801,-36.3990176357345
10,4,"PI 493729",-21.4277665654921,-38.1204853727026
10,4,"PI 493938",-15.6332847605169,-39.0710380139145
10,4,"PI 502111",-8.61913127345229,-11.2459016556879
10,4,"PI 502120",7.61631474631251,14.9380643174136
10,5,"PI 155107",-33.0304284762533,-31.7533259396346
10,5,"PI 158854",93.3876253818025,93.5602273460561
10,5,"PI 196635",91.8808532061868,92.0158850481786
10,5,"PI 200441",-17.4867363486021,-21.8460397544631
10,5,"PI 240560",-39.1675881289274,-34.7399229335182
10,5,"PI 268868",91.7512108457322,92.0163583475332
10,5,"PI 295309",94.3003649781333,93.047969923687
10,5,"PI 323268",84.9638228003057,86.8003469076017
10,5,"PI 337293",-33.1303500962705,-34.3566039661436
10,5,"PI 371521",30.2241303065118,59.4661155099549
10,5,"PI 372305",18.3010174031283,62.4497549536543
10,5,"PI 461427",-52.8331073584546,-53.7325945100241
10,5,"PI 461434",-20.275057381311,-26.4681138847244
10,5,"PI 471952",-14.2039684045055,-43.8484714207917
10,5,"PI 471954",-22.923447881111,-63.062335336829
10,5,"PI 476636",92.1309729640279,91.5811696800226
10,5,"PI 493880",-23.636920533488,-38.757457022617
10,5,"PI 494795",8.2364494572083,6.93801421872174
10,5,"PI 497639",-10.5806964808468,-11.1310623720097
10,5,"PI 504614",-34.6991415397245,-32.2447968945707
