"SNP","Chr","Pos","r2_with_top"
"araip.K30076.gnm1.Araip.B06_2010906",16,2010906,1
"araip.K30076.gnm1.Araip.B06_2335571",16,2335571,1
"araip.K30076.gnm1.Araip.B06_2309508",16,2309508,0.404299297364574
"araip.K30076.gnm1.Araip.B06_2368282",16,2368282,0.399019572130936
"araip.K30076.gnm1.Araip.B06_2362556",16,2362556,0.230277544154751
"araip.K30076.gnm1.Araip.B06_2198106",16,2198106,0.209423562077794
"araip.K30076.gnm1.Araip.B06_1859422",16,1859422,0.200614275358584
"araip.K30076.gnm1.Araip.B06_1987025",16,1987025,0.13939001249595
"araip.K30076.gnm1.Araip.B06_2030071",16,2030071,0.0654570024317291
"araip.K30076.gnm1.Araip.B06_2183647",16,2183647,0.0265407687645596
