phenotype_name,accession_id,accession_name,accession_cs_number,accession_longitude,accession_latitude,accession_country,phenotype_value,obs_unit_id
oleic_acid_content,PI 313129,PI 313129,,0.0,0.0,,59.82,PI 313129_1
oleic_acid_content,PI 270905,PI 270905,,0.0,0.0,Zambia,59.91,PI 270905_1
oleic_acid_content,PI 268868,PI 268868,,0.0,0.0,Sudan,58.17,PI 268868_1
oleic_acid_content,PI 461427,PI 461427,,0.0,0.0,,61.87,PI 461427_1
oleic_acid_content,PI 157542,PI 157542,,115.9667,29.58333,China,68.91,PI 157542_1
oleic_acid_content,PI 337399,PI 337399,,0.0,0.0,Morocco,46.01,PI 337399_1
oleic_acid_content,PI 493329,PI 493329,,0.0,0.0,,45.98,PI 493329_1
oleic_acid_content,PI 259836,PI 259836,,0.0,0.0,Malawi,48.21,PI 259836_1
oleic_acid_content,PI 476025,PI 476025,,-72.7,-12.83333,Peru,44.04,PI 476025_1
oleic_acid_content,PI 158854,PI 158854,,0.0,0.0,China,58.1,PI 158854_1
oleic_acid_content,PI 355268,PI 355268,,0.0,0.0,Mexico,60.95,PI 355268_1
oleic_acid_content,PI 372271,PI 372271,,0.0,0.0,,58.59,PI 372271_1
oleic_acid_content,PI 478819,PI 478819,,0.0,0.0,,52.41,PI 478819_1
oleic_acid_content,PI 355271,PI 355271,,0.0,0.0,Mexico,56.47,PI 355271_1
oleic_acid_content,PI 162857,PI 162857,,0.0,0.0,Sudan,60.56,PI 162857_1
oleic_acid_content,PI 270907,PI 270907,,0.0,0.0,Zambia,54.97,PI 270907_1
oleic_acid_content,PI 290620,PI 290620,,0.0,0.0,Argentina,68.51,PI 290620_1
oleic_acid_content,PI 290536,PI 290536,,78.43333,17.36667,India,67.55,PI 290536_1
oleic_acid_content,PI 403813,PI 403813,,0.0,0.0,Argentina,49.16,PI 403813_1
oleic_acid_content,PI 494018,PI 494018,,0.0,0.0,,46.52,PI 494018_1
oleic_acid_content,PI 296558,PI 296558,,0.0,0.0,Israel,57.57,PI 296558_1
oleic_acid_content,PI 290566,PI 290566,,78.43333,17.36667,India,57.7,PI 290566_1
oleic_acid_content,PI 200441,PI 200441,,0.0,0.0,Japan,50.66,PI 200441_1
oleic_acid_content,PI 494034,PI 494034,,0.0,0.0,,47.12,PI 494034_1
oleic_acid_content,PI 271019,PI 271019,,0.0,0.0,Zambia,47.72,PI 271019_1
oleic_acid_content,PI 271019,PI 271019,,0.0,0.0,Zambia,47.27,PI 271019_2
oleic_acid_content,PI 478850,PI 478850,,0.0,0.0,Uganda,44.66,PI 478850_1
oleic_acid_content,PI 162655,PI 162655,,-56.16667,-34.91667,Uruguay,40.62,PI 162655_1
oleic_acid_content,PI 296550,PI 296550,,0.0,0.0,Israel,53.96,PI 296550_1
oleic_acid_content,PI 268806,PI 268806,,0.0,0.0,Zambia,49.62,PI 268806_1
oleic_acid_content,PI 497517,PI 497517,,-57.55,-30.21667,Brazil,48.77,PI 497517_1
oleic_acid_content,PI 497395,PI 497395,,-64.75,-21.55,Bolivia,63.16,PI 497395_1
oleic_acid_content,PI 268696,PI 268696,,0.0,0.0,South Africa,47.35,PI 268696_1
oleic_acid_content,PI 502111,PI 502111,,0.0,0.0,Peru,51.98,PI 502111_1
oleic_acid_content,PI 337293,PI 337293,,-54.33333,-30.4,Brazil,52.89,PI 337293_1
oleic_acid_content,PI 371521,PI 371521,,0.0,0.0,,71.9,PI 371521_1
oleic_acid_content,PI 497639,PI 497639,,-79.63333,-4.033333,Ecuador,47.72,PI 497639_1
oleic_acid_content,PI 372305,PI 372305,,0.0,0.0,,60.63,PI 372305_1
oleic_acid_content,PI 356004,PI 356004,,0.0,0.0,Argentina,51.07,PI 356004_1
oleic_acid_content,PI 496448,PI 496448,,0.0,0.0,Burkina Faso,57.21,PI 496448_1
oleic_acid_content,PI 399581,PI 399581,,0.0,0.0,Nigeria,56.08,PI 399581_1
oleic_acid_content,PI 290594,PI 290594,,78.43333,17.36667,India,66.56,PI 290594_1
oleic_acid_content,PI 323268,PI 323268,,73.13333,33.66667,Pakistan,62.44,PI 323268_1
oleic_acid_content,PI 270998,PI 270998,,0.0,0.0,Zambia,49.92,PI 270998_1
oleic_acid_content,PI 502040,PI 502040,,0.0,0.0,Peru,62.97,PI 502040_1
oleic_acid_content,PI 339960,PI 339960,,-64.91667,-24.2,Argentina,50.05,PI 339960_1
oleic_acid_content,PI 196622,PI 196622,,0.0,0.0,Ivory Coast,58.31,PI 196622_1
oleic_acid_content,PI 429420,PI 429420,,0.0,0.0,Zimbabwe,81.52,PI 429420_1
oleic_acid_content,PI 337406,PI 337406,,0.0,0.0,Paraguay,50.53,PI 337406_1
oleic_acid_content,PI 331314,PI 331314,,-63.75,-31.83333,Argentina,66.72,PI 331314_1
oleic_acid_content,PI 240560,PI 240560,,0.0,0.0,South Africa,39.55,PI 240560_1
oleic_acid_content,PI 496401,PI 496401,,-4.966667,10.36667,Burkina Faso,57.9,PI 496401_1
oleic_acid_content,PI 295309,PI 295309,,0.0,0.0,Israel,55.67,PI 295309_1
oleic_acid_content,PI 298854,PI 298854,,0.0,0.0,South Africa,57.21,PI 298854_1
oleic_acid_content,PI 475863,PI 475863,,-64.11667,-13.33333,Bolivia,44.79,PI 475863_1
oleic_acid_content,PI 331297,PI 331297,,-63.75,-31.83333,Argentina,53.02,PI 331297_1
oleic_acid_content,PI 370331,PI 370331,,0.0,0.0,,66.29,PI 370331_1
oleic_acid_content,PI 343384,PI 343384,,0.0,0.0,,60.71,PI 343384_1
oleic_acid_content,PI 481795,PI 481795,,0.0,0.0,Mozambique,47.95,PI 481795_1
oleic_acid_content,PI 493547,PI 493547,,0.0,0.0,,48.79,PI 493547_1
oleic_acid_content,PI 270786,PI 270786,,0.0,0.0,Zambia,44.87,PI 270786_1
oleic_acid_content,PI 259851,PI 259851,,0.0,0.0,Malawi,66.9,PI 259851_1
oleic_acid_content,PI 292950,PI 292950,,0.0,0.0,South Africa,61.87,PI 292950_1
oleic_acid_content,PI 493356,PI 493356,,0.0,0.0,,52.25,PI 493356_1
oleic_acid_content,PI 504614,PI 504614,,0.0,0.0,Colombia,43.47,PI 504614_1
oleic_acid_content,PI 476432,PI 476432,,0.0,0.0,Nigeria,51.26,PI 476432_1
oleic_acid_content,PI 288146,PI 288146,,0.0,0.0,India,46.93,PI 288146_1
oleic_acid_content,PI 319768,PI 319768,,0.0,0.0,Israel,51.22,PI 319768_1
oleic_acid_content,PI 493938,PI 493938,,0.0,0.0,,46.86,PI 493938_1
oleic_acid_content,PI 493581,PI 493581,,0.0,0.0,,47.09,PI 493581_1
oleic_acid_content,PI 475918,PI 475918,,-63.18333,-17.78333,Bolivia,49.43,PI 475918_1
oleic_acid_content,PI 343398,PI 343398,,0.0,0.0,,63.75,PI 343398_1
oleic_acid_content,PI 493717,PI 493717,,0.0,0.0,,45.77,PI 493717_1
oleic_acid_content,PI 290560,PI 290560,,78.43333,17.36667,India,52.53,PI 290560_1
oleic_acid_content,PI 295730,PI 295730,,0.0,0.0,India,61.4,PI 295730_1
oleic_acid_content,PI 288210,PI 288210,,0.0,0.0,India,66.02,PI 288210_1
oleic_acid_content,PI 325943,PI 325943,,-63.23333,9.983333,Venezuela,46.66,PI 325943_1
oleic_acid_content,PI 295250,PI 295250,,0.0,0.0,Israel,58.03,PI 295250_1
oleic_acid_content,PI 268586,PI 268586,,0.0,0.0,Zambia,48.56,PI 268586_1
oleic_acid_content,PI 471952,PI 471952,,0.0,0.0,,43.13,PI 471952_1
oleic_acid_content,PI 259658,PI 259658,,-82.38333,22.96667,Cuba,59.62,PI 259658_1
oleic_acid_content,PI 196635,PI 196635,,46.66667,-16.08333,Madagascar,60.69,PI 196635_1
oleic_acid_content,PI 493729,PI 493729,,0.0,0.0,,48.38,PI 493729_1
oleic_acid_content,PI 493693,PI 493693,,0.0,0.0,,46.09,PI 493693_1
oleic_acid_content,PI 476636,PI 476636,,0.0,0.0,Nigeria,62.16,PI 476636_1
oleic_acid_content,PI 407667,PI 407667,,0.0,0.0,Thailand,50.19,PI 407667_1
oleic_acid_content,PI 493880,PI 493880,,0.0,0.0,,43.86,PI 493880_1
oleic_acid_content,PI 319770,PI 319770,,0.0,0.0,Israel,55.36,PI 319770_1
oleic_acid_content,PI 461434,PI 461434,,0.0,0.0,,46.83,PI 461434_1
oleic_acid_content,PI 442768,PI 442768,,0.0,0.0,,56.43,PI 442768_1
oleic_acid_content,PI 471954,PI 471954,,0.0,0.0,,41.78,PI 471954_1
oleic_acid_content,PI 433347,PI 433347,,0.0,0.0,,42.16,PI 433347_1
oleic_acid_content,PI 268996,PI 268996,,0.0,0.0,Zambia,66.02,PI 268996_1
oleic_acid_content,PI 408743,PI 408743,,0.0,0.0,Brazil,37.49,PI 408743_1
oleic_acid_content,PI 497318,PI 497318,,-65.25,-19.03333,Bolivia,60.97,PI 497318_1
oleic_acid_content,PI 493631,PI 493631,,0.0,0.0,,49.61,PI 493631_1
oleic_acid_content,PI 259617,PI 259617,,-82.38333,22.96667,Cuba,46.12,PI 259617_1
oleic_acid_content,PI 502120,PI 502120,,0.0,0.0,Peru,56.14,PI 502120_1
oleic_acid_content,PI 482120,PI 482120,,31.45,-18.9,Zimbabwe,47.41,PI 482120_1
oleic_acid_content,PI 494795,PI 494795,,24.16667,-11.75,Zambia,56.66,PI 494795_1
oleic_acid_content,PI 159786,PI 159786,,-17.45,14.63333,Senegal,56.6,PI 159786_1
oleic_acid_content,PI 268755,PI 268755,,0.0,0.0,Zambia,47.67,PI 268755_1
oleic_acid_content,PI 262038,PI 262038,,0.0,0.0,Brazil,45.82,PI 262038_1
oleic_acid_content,PI 290536,PI 290536,,78.43333,17.36667,India,67.09,PI 290536_2
oleic_acid_content,PI 476636,PI 476636,,0.0,0.0,Nigeria,55.64,PI 476636_2
oleic_acid_content,PI 290594,PI 290594,,78.43333,17.36667,India,70.26,PI 290594_2
oleic_acid_content,PI 268996,PI 268996,,0.0,0.0,Zambia,59.21,PI 268996_2
oleic_acid_content,PI 497639,PI 497639,,-79.63333,-4.033333,Ecuador,43.65,PI 497639_2
oleic_acid_content,PI 476025,PI 476025,,-72.7,-12.83333,Peru,46.22,PI 476025_2
oleic_acid_content,PI 268755,PI 268755,,0.0,0.0,Zambia,44.71,PI 268755_2
oleic_acid_content,PI 493880,PI 493880,,0.0,0.0,,42.7,PI 493880_2
oleic_acid_content,PI 461427,PI 461427,,0.0,0.0,,45.75,PI 461427_2
oleic_acid_content,PI 259617,PI 259617,,-82.38333,22.96667,Cuba,44.8,PI 259617_2
oleic_acid_content,PI 493356,PI 493356,,0.0,0.0,,47.22,PI 493356_2
oleic_acid_content,PI 493581,PI 493581,,0.0,0.0,,44.34,PI 493581_2
oleic_acid_content,PI 262038,PI 262038,,0.0,0.0,Brazil,49.79,PI 262038_2
oleic_acid_content,PI 339960,PI 339960,,-64.91667,-24.2,Argentina,50.82,PI 339960_2
oleic_acid_content,PI 429420,PI 429420,,0.0,0.0,Zimbabwe,46.03,PI 429420_2
oleic_acid_content,PI 493547,PI 493547,,0.0,0.0,,52.1,PI 493547_2
oleic_acid_content,PI 493329,PI 493329,,0.0,0.0,,44.39,PI 493329_2
oleic_acid_content,PI 478819,PI 478819,,0.0,0.0,,47.62,PI 478819_2
oleic_acid_content,PI 295730,PI 295730,,0.0,0.0,India,64.87,PI 295730_2
oleic_acid_content,PI 482189,PI 482189,,32.65,-18.01667,Zimbabwe,48.56,PI 482189_1
oleic_acid_content,PI 372271,PI 372271,,0.0,0.0,,58.79,PI 372271_2
oleic_acid_content,PI 313129,PI 313129,,0.0,0.0,,60.03,PI 313129_2
oleic_acid_content,PI 370331,PI 370331,,0.0,0.0,,70.19,PI 370331_2
oleic_acid_content,PI 497517,PI 497517,,-57.55,-30.21667,Brazil,49.65,PI 497517_2
oleic_acid_content,PI 478850,PI 478850,,0.0,0.0,Uganda,44.52,PI 478850_2
oleic_acid_content,PI 442768,PI 442768,,0.0,0.0,,55.69,PI 442768_2
oleic_acid_content,PI 290566,PI 290566,,78.43333,17.36667,India,59.03,PI 290566_2
oleic_acid_content,PI 158854,PI 158854,,0.0,0.0,China,59.89,PI 158854_2
oleic_acid_content,PI 502111,PI 502111,,0.0,0.0,Peru,52.32,PI 502111_2
oleic_acid_content,PI 502111,PI 502111,,0.0,0.0,Peru,58.13,PI 502111_3
oleic_acid_content,PI 270907,PI 270907,,0.0,0.0,Zambia,49.77,PI 270907_2
oleic_acid_content,PI 355268,PI 355268,,0.0,0.0,Mexico,64.84,PI 355268_2
oleic_acid_content,PI 493693,PI 493693,,0.0,0.0,,47.83,PI 493693_2
oleic_acid_content,PI 482120,PI 482120,,31.45,-18.9,Zimbabwe,48.74,PI 482120_2
oleic_acid_content,PI 270998,PI 270998,,0.0,0.0,Zambia,45.89,PI 270998_2
oleic_acid_content,PI 196635,PI 196635,,46.66667,-16.08333,Madagascar,63.65,PI 196635_2
oleic_acid_content,PI 407667,PI 407667,,0.0,0.0,Thailand,44.69,PI 407667_2
oleic_acid_content,PI 268806,PI 268806,,0.0,0.0,Zambia,46.21,PI 268806_2
oleic_acid_content,PI 270786,PI 270786,,0.0,0.0,Zambia,44.5,PI 270786_2
oleic_acid_content,PI 371521,PI 371521,,0.0,0.0,,72.19,PI 371521_2
oleic_acid_content,PI 157542,PI 157542,,115.9667,29.58333,China,68.35,PI 157542_2
oleic_acid_content,PI 355271,PI 355271,,0.0,0.0,Mexico,60.56,PI 355271_2
oleic_acid_content,PI 196622,PI 196622,,0.0,0.0,Ivory Coast,61.6,PI 196622_2
oleic_acid_content,PI 259851,PI 259851,,0.0,0.0,Malawi,66.23,PI 259851_2
oleic_acid_content,PI 399581,PI 399581,,0.0,0.0,Nigeria,56.76,PI 399581_2
oleic_acid_content,PI 504614,PI 504614,,0.0,0.0,Colombia,47.27,PI 504614_2
oleic_acid_content,PI 337293,PI 337293,,-54.33333,-30.4,Brazil,48.56,PI 337293_2
oleic_acid_content,PI 319768,PI 319768,,0.0,0.0,Israel,52.83,PI 319768_2
oleic_acid_content,PI 274193,PI 274193,,0.0,0.0,Bolivia,62.16,PI 274193_1
oleic_acid_content,PI 292950,PI 292950,,0.0,0.0,South Africa,63.01,PI 292950_2
oleic_acid_content,PI 502040,PI 502040,,0.0,0.0,Peru,58.86,PI 502040_2
oleic_acid_content,PI 319770,PI 319770,,0.0,0.0,Israel,58.57,PI 319770_2
oleic_acid_content,PI 162655,PI 162655,,-56.16667,-34.91667,Uruguay,47.19,PI 162655_2
oleic_acid_content,PI 493631,PI 493631,,0.0,0.0,,50.03,PI 493631_2
oleic_acid_content,PI 475918,PI 475918,,-63.18333,-17.78333,Bolivia,49.56,PI 475918_2
oleic_acid_content,PI 497395,PI 497395,,-64.75,-21.55,Bolivia,61.18,PI 497395_2
oleic_acid_content,PI 497395,PI 497395,,-64.75,-21.55,Bolivia,64.98,PI 497395_3
oleic_acid_content,PI 468271,PI 468271,,-63.91667,-18.21667,Bolivia,68.91,PI 468271_1
oleic_acid_content,PI 496448,PI 496448,,0.0,0.0,Burkina Faso,59.23,PI 496448_2
oleic_acid_content,PI 356004,PI 356004,,0.0,0.0,Argentina,50.8,PI 356004_2
oleic_acid_content,PI 155107,PI 155107,,0.0,0.0,Uruguay,48.39,PI 155107_1
oleic_acid_content,PI 497318,PI 497318,,-65.25,-19.03333,Bolivia,67.11,PI 497318_2
oleic_acid_content,PI 494795,PI 494795,,24.16667,-11.75,Zambia,53.94,PI 494795_2
oleic_acid_content,PI 296550,PI 296550,,0.0,0.0,Israel,61.73,PI 296550_2
oleic_acid_content,PI 337406,PI 337406,,0.0,0.0,Paraguay,50.63,PI 337406_2
oleic_acid_content,PI 259658,PI 259658,,-82.38333,22.96667,Cuba,61.09,PI 259658_2
oleic_acid_content,PI 268586,PI 268586,,0.0,0.0,Zambia,53.48,PI 268586_2
oleic_acid_content,PI 271019,PI 271019,,0.0,0.0,Zambia,46.32,PI 271019_3
oleic_acid_content,PI 337399,PI 337399,,0.0,0.0,Morocco,55.77,PI 337399_2
oleic_acid_content,PI 493938,PI 493938,,0.0,0.0,,46.82,PI 493938_2
oleic_acid_content,PI 323268,PI 323268,,73.13333,33.66667,Pakistan,62.31,PI 323268_2
oleic_acid_content,PI 403813,PI 403813,,0.0,0.0,Argentina,49.38,PI 403813_2
oleic_acid_content,PI 331297,PI 331297,,-63.75,-31.83333,Argentina,51.08,PI 331297_2
oleic_acid_content,PI 290560,PI 290560,,78.43333,17.36667,India,47.09,PI 290560_2
oleic_acid_content,PI 288146,PI 288146,,0.0,0.0,India,46.18,PI 288146_2
oleic_acid_content,PI 268696,PI 268696,,0.0,0.0,South Africa,48.91,PI 268696_2
oleic_acid_content,PI 200441,PI 200441,,0.0,0.0,Japan,44.75,PI 200441_2
oleic_acid_content,PI 494018,PI 494018,,0.0,0.0,,49.36,PI 494018_2
oleic_acid_content,PI 268868,PI 268868,,0.0,0.0,Sudan,55.83,PI 268868_2
oleic_acid_content,PI 461434,PI 461434,,0.0,0.0,,50.86,PI 461434_2
oleic_acid_content,PI 433347,PI 433347,,0.0,0.0,,45.75,PI 433347_2
oleic_acid_content,PI 372305,PI 372305,,0.0,0.0,,62.8,PI 372305_2
oleic_acid_content,PI 494034,PI 494034,,0.0,0.0,,56.43,PI 494034_2
oleic_acid_content,PI 408743,PI 408743,,0.0,0.0,Brazil,39.38,PI 408743_2
oleic_acid_content,PI 471954,PI 471954,,0.0,0.0,,42.66,PI 471954_2
oleic_acid_content,PI 493717,PI 493717,,0.0,0.0,,47.94,PI 493717_2
oleic_acid_content,PI 496401,PI 496401,,-4.966667,10.36667,Burkina Faso,53.04,PI 496401_2
oleic_acid_content,PI 343398,PI 343398,,0.0,0.0,,58.58,PI 343398_2
oleic_acid_content,PI 298854,PI 298854,,0.0,0.0,South Africa,64.06,PI 298854_2
oleic_acid_content,PI 481795,PI 481795,,0.0,0.0,Mozambique,51.13,PI 481795_2
oleic_acid_content,PI 325943,PI 325943,,-63.23333,9.983333,Venezuela,44.89,PI 325943_2
oleic_acid_content,PI 493729,PI 493729,,0.0,0.0,,47.72,PI 493729_2
oleic_acid_content,PI 288210,PI 288210,,0.0,0.0,India,61.06,PI 288210_2
oleic_acid_content,PI 162857,PI 162857,,0.0,0.0,Sudan,52.95,PI 162857_2
oleic_acid_content,PI 240560,PI 240560,,0.0,0.0,South Africa,49.99,PI 240560_2
oleic_acid_content,PI 502120,PI 502120,,0.0,0.0,Peru,54.67,PI 502120_2
oleic_acid_content,PI 159786,PI 159786,,-17.45,14.63333,Senegal,55.88,PI 159786_2
oleic_acid_content,PI 270905,PI 270905,,0.0,0.0,Zambia,59.79,PI 270905_2
oleic_acid_content,PI 343384,PI 343384,,0.0,0.0,,61.1,PI 343384_2
oleic_acid_content,PI 295250,PI 295250,,0.0,0.0,Israel,57.48,PI 295250_2
oleic_acid_content,PI 296558,PI 296558,,0.0,0.0,Israel,57.65,PI 296558_2
oleic_acid_content,PI 471952,PI 471952,,0.0,0.0,,45.01,PI 471952_2
oleic_acid_content,PI 475863,PI 475863,,-64.11667,-13.33333,Bolivia,46.48,PI 475863_2
oleic_acid_content,PI 259836,PI 259836,,0.0,0.0,Malawi,49.42,PI 259836_2
oleic_acid_content,PI 493547,PI 493547,,0.0,0.0,,48.76,PI 493547_3
oleic_acid_content,PI 158854,PI 158854,,0.0,0.0,China,62.94,PI 158854_3
oleic_acid_content,PI 493880,PI 493880,,0.0,0.0,,48.56,PI 493880_3
oleic_acid_content,PI 482120,PI 482120,,31.45,-18.9,Zimbabwe,48.1,PI 482120_3
oleic_acid_content,PI 497395,PI 497395,,-64.75,-21.55,Bolivia,61.97,PI 497395_4
oleic_acid_content,PI 319768,PI 319768,,0.0,0.0,Israel,53.73,PI 319768_3
oleic_acid_content,PI 461434,PI 461434,,0.0,0.0,,53.65,PI 461434_3
oleic_acid_content,PI 259836,PI 259836,,0.0,0.0,Malawi,53.14,PI 259836_3
oleic_acid_content,PI 403813,PI 403813,,0.0,0.0,Argentina,49.53,PI 403813_3
oleic_acid_content,PI 155107,PI 155107,,0.0,0.0,Uruguay,46.01,PI 155107_2
oleic_acid_content,PI 331297,PI 331297,,-63.75,-31.83333,Argentina,50.16,PI 331297_3
oleic_acid_content,PI 323268,PI 323268,,73.13333,33.66667,Pakistan,65.36,PI 323268_3
oleic_acid_content,PI 471954,PI 471954,,0.0,0.0,,42.94,PI 471954_3
oleic_acid_content,PI 496448,PI 496448,,0.0,0.0,Burkina Faso,59.76,PI 496448_3
oleic_acid_content,PI 162655,PI 162655,,-56.16667,-34.91667,Uruguay,48.6,PI 162655_3
oleic_acid_content,PI 504614,PI 504614,,0.0,0.0,Colombia,46.17,PI 504614_3
oleic_acid_content,PI 200441,PI 200441,,0.0,0.0,Japan,53.39,PI 200441_3
oleic_acid_content,PI 356004,PI 356004,,0.0,0.0,Argentina,51.52,PI 356004_3
oleic_acid_content,PI 339960,PI 339960,,-64.91667,-24.2,Argentina,48.13,PI 339960_3
oleic_acid_content,PI 372271,PI 372271,,0.0,0.0,,58.52,PI 372271_3
oleic_acid_content,PI 502120,PI 502120,,0.0,0.0,Peru,54.79,PI 502120_3
oleic_acid_content,PI 296558,PI 296558,,0.0,0.0,Israel,58.69,PI 296558_3
oleic_acid_content,PI 319770,PI 319770,,0.0,0.0,Israel,56.12,PI 319770_3
oleic_acid_content,PI 494795,PI 494795,,24.16667,-11.75,Zambia,49.84,PI 494795_3
oleic_acid_content,PI 271019,PI 271019,,0.0,0.0,Zambia,47.26,PI 271019_4
oleic_acid_content,PI 429420,PI 429420,,0.0,0.0,Zimbabwe,45.72,PI 429420_3
oleic_acid_content,PI 337293,PI 337293,,-54.33333,-30.4,Brazil,47.89,PI 337293_3
oleic_acid_content,PI 496401,PI 496401,,-4.966667,10.36667,Burkina Faso,56.01,PI 496401_3
oleic_acid_content,PI 259658,PI 259658,,-82.38333,22.96667,Cuba,61.1,PI 259658_3
oleic_acid_content,PI 497639,PI 497639,,-79.63333,-4.033333,Ecuador,47.65,PI 497639_3
oleic_acid_content,PI 399581,PI 399581,,0.0,0.0,Nigeria,59.38,PI 399581_3
oleic_acid_content,PI 240560,PI 240560,,0.0,0.0,South Africa,48.32,PI 240560_3
oleic_acid_content,PI 270905,PI 270905,,0.0,0.0,Zambia,57.01,PI 270905_3
oleic_acid_content,PI 407667,PI 407667,,0.0,0.0,Thailand,45.29,PI 407667_3
oleic_acid_content,PI 295730,PI 295730,,0.0,0.0,India,62.33,PI 295730_3
oleic_acid_content,PI 493729,PI 493729,,0.0,0.0,,47.52,PI 493729_3
oleic_acid_content,PI 481795,PI 481795,,0.0,0.0,Mozambique,50.4,PI 481795_3
oleic_acid_content,PI 355268,PI 355268,,0.0,0.0,Mexico,62.32,PI 355268_3
oleic_acid_content,PI 497517,PI 497517,,-57.55,-30.21667,Brazil,49.03,PI 497517_3
oleic_acid_content,PI 493356,PI 493356,,0.0,0.0,,50.51,PI 493356_3
oleic_acid_content,PI 288210,PI 288210,,0.0,0.0,India,63.6,PI 288210_3
oleic_acid_content,PI 493717,PI 493717,,0.0,0.0,,45.03,PI 493717_3
oleic_acid_content,PI 259617,PI 259617,,-82.38333,22.96667,Cuba,53.1,PI 259617_3
oleic_acid_content,PI 268806,PI 268806,,0.0,0.0,Zambia,50.04,PI 268806_3
oleic_acid_content,PI 337399,PI 337399,,0.0,0.0,Morocco,50.9,PI 337399_3
oleic_acid_content,PI 475863,PI 475863,,-64.11667,-13.33333,Bolivia,49.98,PI 475863_3
oleic_acid_content,PI 268586,PI 268586,,0.0,0.0,Zambia,52.29,PI 268586_3
oleic_acid_content,PI 274193,PI 274193,,0.0,0.0,Bolivia,65.72,PI 274193_2
oleic_acid_content,PI 270998,PI 270998,,0.0,0.0,Zambia,54.63,PI 270998_3
oleic_acid_content,PI 493631,PI 493631,,0.0,0.0,,51.61,PI 493631_3
oleic_acid_content,PI 162857,PI 162857,,0.0,0.0,Sudan,61.03,PI 162857_3
oleic_acid_content,PI 298854,PI 298854,,0.0,0.0,South Africa,56.33,PI 298854_3
oleic_acid_content,PI 290536,PI 290536,,78.43333,17.36667,India,65.57,PI 290536_3
oleic_acid_content,PI 159786,PI 159786,,-17.45,14.63333,Senegal,57.89,PI 159786_3
oleic_acid_content,PI 370331,PI 370331,,0.0,0.0,,67.34,PI 370331_3
oleic_acid_content,PI 494034,PI 494034,,0.0,0.0,,50.72,PI 494034_3
oleic_acid_content,PI 408743,PI 408743,,0.0,0.0,Brazil,36.62,PI 408743_3
oleic_acid_content,PI 408743,PI 408743,,0.0,0.0,Brazil,56.65,PI 408743_4
oleic_acid_content,PI 502111,PI 502111,,0.0,0.0,Peru,50.66,PI 502111_4
oleic_acid_content,PI 270907,PI 270907,,0.0,0.0,Zambia,48.45,PI 270907_3
oleic_acid_content,PI 478850,PI 478850,,0.0,0.0,Uganda,47.13,PI 478850_3
oleic_acid_content,PI 493693,PI 493693,,0.0,0.0,,46.1,PI 493693_3
oleic_acid_content,PI 268868,PI 268868,,0.0,0.0,Sudan,58.98,PI 268868_3
oleic_acid_content,PI 295309,PI 295309,,0.0,0.0,Israel,59.04,PI 295309_2
oleic_acid_content,PI 493329,PI 493329,,0.0,0.0,,43.01,PI 493329_3
oleic_acid_content,PI 268755,PI 268755,,0.0,0.0,Zambia,47.76,PI 268755_3
oleic_acid_content,PI 196622,PI 196622,,0.0,0.0,Ivory Coast,63.04,PI 196622_3
oleic_acid_content,PI 476432,PI 476432,,0.0,0.0,Nigeria,51.2,PI 476432_2
oleic_acid_content,PI 502040,PI 502040,,0.0,0.0,Peru,63.46,PI 502040_3
oleic_acid_content,PI 493938,PI 493938,,0.0,0.0,,46.89,PI 493938_3
oleic_acid_content,PI 476596,PI 476596,,0.0,0.0,Nigeria,56.84,PI 476596_1
oleic_acid_content,PI 290560,PI 290560,,78.43333,17.36667,India,47.65,PI 290560_3
oleic_acid_content,PI 157542,PI 157542,,115.9667,29.58333,China,64.17,PI 157542_3
oleic_acid_content,PI 461427,PI 461427,,0.0,0.0,,50.83,PI 461427_3
oleic_acid_content,PI 471952,PI 471952,,0.0,0.0,,41.25,PI 471952_3
oleic_acid_content,PI 471952,PI 471952,,0.0,0.0,,61.47,PI 471952_4
oleic_acid_content,PI 270786,PI 270786,,0.0,0.0,Zambia,46.55,PI 270786_3
oleic_acid_content,PI 343398,PI 343398,,0.0,0.0,,62.15,PI 343398_3
oleic_acid_content,PI 288146,PI 288146,,0.0,0.0,India,48.32,PI 288146_3
oleic_acid_content,PI 296550,PI 296550,,0.0,0.0,Israel,53.78,PI 296550_3
oleic_acid_content,PI 478819,PI 478819,,0.0,0.0,,46.05,PI 478819_3
oleic_acid_content,PI 313129,PI 313129,,0.0,0.0,,59.76,PI 313129_3
oleic_acid_content,PI 290566,PI 290566,,78.43333,17.36667,India,58.66,PI 290566_3
oleic_acid_content,PI 372305,PI 372305,,0.0,0.0,,62.11,PI 372305_3
oleic_acid_content,PI 268996,PI 268996,,0.0,0.0,Zambia,60.0,PI 268996_3
oleic_acid_content,PI 290594,PI 290594,,78.43333,17.36667,India,68.55,PI 290594_3
oleic_acid_content,PI 475931,PI 475931,,-63.18333,-17.78333,Bolivia,47.19,PI 475931_1
oleic_acid_content,PI 494018,PI 494018,,0.0,0.0,,44.1,PI 494018_3
oleic_acid_content,PI 292950,PI 292950,,0.0,0.0,South Africa,62.4,PI 292950_3
oleic_acid_content,PI 371521,PI 371521,,0.0,0.0,,74.96,PI 371521_3
oleic_acid_content,PI 290620,PI 290620,,0.0,0.0,Argentina,64.62,PI 290620_2
oleic_acid_content,PI 295250,PI 295250,,0.0,0.0,Israel,58.74,PI 295250_3
oleic_acid_content,PI 476025,PI 476025,,-72.7,-12.83333,Peru,40.04,PI 476025_3
oleic_acid_content,PI 325943,PI 325943,,-63.23333,9.983333,Venezuela,46.07,PI 325943_3
oleic_acid_content,PI 476636,PI 476636,,0.0,0.0,Nigeria,56.39,PI 476636_3
oleic_acid_content,PI 259851,PI 259851,,0.0,0.0,Malawi,63.41,PI 259851_3
oleic_acid_content,PI 343384,PI 343384,,0.0,0.0,,51.6,PI 343384_3
oleic_acid_content,PI 355271,PI 355271,,0.0,0.0,Mexico,55.98,PI 355271_3
oleic_acid_content,PI 337406,PI 337406,,0.0,0.0,Paraguay,53.28,PI 337406_3
oleic_acid_content,PI 196635,PI 196635,,46.66667,-16.08333,Madagascar,61.23,PI 196635_3
oleic_acid_content,PI 268696,PI 268696,,0.0,0.0,South Africa,43.36,PI 268696_3
oleic_acid_content,PI 475918,PI 475918,,-63.18333,-17.78333,Bolivia,45.96,PI 475918_3
oleic_acid_content,PI 442768,PI 442768,,0.0,0.0,,52.83,PI 442768_3
oleic_acid_content,PI 433347,PI 433347,,0.0,0.0,,45.04,PI 433347_3
oleic_acid_content,PI 482189,PI 482189,,32.65,-18.01667,Zimbabwe,43.37,PI 482189_2
oleic_acid_content,PI 497318,PI 497318,,-65.25,-19.03333,Bolivia,61.57,PI 497318_3
oleic_acid_content,PI 493581,PI 493581,,0.0,0.0,,46.15,PI 493581_3
oleic_acid_content,PI 262038,PI 262038,,0.0,0.0,Brazil,43.59,PI 262038_3
